Date,NAV Unit Price,Entry Price,Exit Price
20/09/2023,1.6224,1.624,1.6208
19/09/2023,1.6455,1.6471,1.6439
18/09/2023,1.6553,1.657,1.6536
15/09/2023,1.6561,1.6578,1.6544
14/09/2023,1.6699,1.6716,1.6682
13/09/2023,1.6717,1.6734,1.67
12/09/2023,1.6668,1.6685,1.6651
11/09/2023,1.6741,1.6758,1.6724
8/09/2023,1.6808,1.6825,1.6791
7/09/2023,1.6915,1.6932,1.6898
6/09/2023,1.6955,1.6972,1.6938
5/09/2023,1.704,1.7057,1.7023
4/09/2023,1.6964,1.6981,1.6947
1/09/2023,1.6994,1.7011,1.6977
31/08/2023,1.686,1.6877,1.6843
30/08/2023,1.6852,1.6869,1.6835
29/08/2023,1.69,1.6917,1.6883
28/08/2023,1.67,1.6717,1.6683
25/08/2023,1.667,1.6687,1.6653
24/08/2023,1.6371,1.6387,1.6355
23/08/2023,1.6484,1.65,1.6468
22/08/2023,1.6422,1.6438,1.6406
21/08/2023,1.6537,1.6554,1.652
18/08/2023,1.6519,1.6536,1.6502
17/08/2023,1.6574,1.6591,1.6557
16/08/2023,1.6603,1.662,1.6586
15/08/2023,1.6621,1.6638,1.6604
14/08/2023,1.6786,1.6803,1.6769
11/08/2023,1.663,1.6647,1.6613
10/08/2023,1.6556,1.6573,1.6539
9/08/2023,1.661,1.6627,1.6593
8/08/2023,1.67,1.6717,1.6683
7/08/2023,1.6592,1.6609,1.6575
4/08/2023,1.6392,1.6408,1.6376
3/08/2023,1.6505,1.6522,1.6488
2/08/2023,1.6552,1.6569,1.6535
1/08/2023,1.6482,1.6498,1.6466
31/07/2023,1.6236,1.6252,1.622
28/07/2023,1.6426,1.6442,1.641
27/07/2023,1.6139,1.6155,1.6123
26/07/2023,1.6226,1.6242,1.621
25/07/2023,1.6054,1.607,1.6038
24/07/2023,1.6078,1.6094,1.6062
21/07/2023,1.6089,1.6105,1.6073
20/07/2023,1.5822,1.5838,1.5806
19/07/2023,1.6097,1.6113,1.6081
18/07/2023,1.5934,1.595,1.5918
17/07/2023,1.5877,1.5893,1.5861
14/07/2023,1.5778,1.5794,1.5762
13/07/2023,1.5613,1.5629,1.5597
12/07/2023,1.5704,1.572,1.5688
11/07/2023,1.5969,1.5985,1.5953
10/07/2023,1.5848,1.5864,1.5832
7/07/2023,1.5657,1.5673,1.5641
6/07/2023,1.5922,1.5938,1.5906
5/07/2023,1.5906,1.5922,1.589
4/07/2023,1.5832,1.5848,1.5816
3/07/2023,1.5873,1.5889,1.5857
30/06/2023,1.7527,1.7545,1.7509
29/06/2023,1.7444,1.7461,1.7427
28/06/2023,1.7405,1.7422,1.7388
27/06/2023,1.7141,1.7158,1.7124
26/06/2023,1.7007,1.7024,1.699
23/06/2023,1.7109,1.7126,1.7092
22/06/2023,1.6997,1.7014,1.698
21/06/2023,1.6896,1.6913,1.6879
20/06/2023,1.6995,1.7012,1.6978
19/06/2023,1.7004,1.7021,1.6987
16/06/2023,1.6954,1.6971,1.6937
15/06/2023,1.696,1.6977,1.6943
14/06/2023,1.6773,1.679,1.6756
13/06/2023,1.6733,1.675,1.6716
9/06/2023,1.657,1.6587,1.6553
8/06/2023,1.6611,1.6628,1.6594
7/06/2023,1.6643,1.666,1.6626
6/06/2023,1.6888,1.6905,1.6871
5/06/2023,1.6955,1.6972,1.6938
2/06/2023,1.7026,1.7043,1.7009
1/06/2023,1.6843,1.686,1.6826
31/05/2023,1.6911,1.6928,1.6894
30/05/2023,1.6885,1.6902,1.6868
29/05/2023,1.6939,1.6956,1.6922
26/05/2023,1.7028,1.7045,1.7011
25/05/2023,1.6835,1.6852,1.6818
24/05/2023,1.6658,1.6675,1.6641
23/05/2023,1.6646,1.6663,1.6629
22/05/2023,1.6911,1.6928,1.6894
19/05/2023,1.6863,1.688,1.6846
18/05/2023,1.6995,1.7012,1.6978
17/05/2023,1.6772,1.6789,1.6755
16/05/2023,1.6632,1.6649,1.6615
15/05/2023,1.6681,1.6698,1.6664
12/05/2023,1.6726,1.6743,1.6709
11/05/2023,1.6605,1.6622,1.6588
10/05/2023,1.6335,1.6351,1.6319
9/05/2023,1.6232,1.6248,1.6216
8/05/2023,1.6257,1.6273,1.6241
5/05/2023,1.6371,1.6387,1.6355
4/05/2023,1.6286,1.6302,1.627
3/05/2023,1.6364,1.638,1.6348
2/05/2023,1.652,1.6537,1.6503
1/05/2023,1.676,1.6777,1.6743
28/04/2023,1.6821,1.6838,1.6804
27/04/2023,1.6655,1.6672,1.6638
26/04/2023,1.6411,1.6427,1.6395
24/04/2023,1.6447,1.6463,1.6431
21/04/2023,1.6503,1.652,1.6486
20/04/2023,1.6255,1.6271,1.6239
19/04/2023,1.6365,1.6381,1.6349
18/04/2023,1.6315,1.6331,1.6299
17/04/2023,1.6494,1.651,1.6478
14/04/2023,1.6425,1.6441,1.6409
13/04/2023,1.6379,1.6395,1.6363
12/04/2023,1.6303,1.6319,1.6287
11/04/2023,1.6431,1.6447,1.6415
6/04/2023,1.6436,1.6452,1.642
5/04/2023,1.6265,1.6281,1.6249
4/04/2023,1.6228,1.6244,1.6212
3/04/2023,1.6084,1.61,1.6068
31/03/2023,1.6321,1.6337,1.6305
30/03/2023,1.6059,1.6075,1.6043
29/03/2023,1.6048,1.6064,1.6032
28/03/2023,1.5847,1.5863,1.5831
27/03/2023,1.6028,1.6044,1.6012
24/03/2023,1.6082,1.6098,1.6066
23/03/2023,1.5796,1.5812,1.578
22/03/2023,1.5754,1.577,1.5738
21/03/2023,1.6138,1.6154,1.6122
20/03/2023,1.5761,1.5777,1.5745
17/03/2023,1.5752,1.5768,1.5736
16/03/2023,1.5864,1.588,1.5848
15/03/2023,1.5566,1.5582,1.555
14/03/2023,1.5533,1.5549,1.5517
13/03/2023,1.5235,1.525,1.522
10/03/2023,1.5309,1.5324,1.5294
9/03/2023,1.561,1.5626,1.5594
8/03/2023,1.5792,1.5808,1.5776
7/03/2023,1.5797,1.5813,1.5781
6/03/2023,1.5725,1.5741,1.5709
3/03/2023,1.568,1.5696,1.5664
2/03/2023,1.5503,1.5519,1.5487
1/03/2023,1.5254,1.5269,1.5239
28/02/2023,1.5357,1.5372,1.5342
27/02/2023,1.5364,1.5379,1.5349
24/02/2023,1.5337,1.5352,1.5322
23/02/2023,1.5436,1.5451,1.5421
22/02/2023,1.5356,1.5371,1.5341
21/02/2023,1.5255,1.527,1.524
20/02/2023,1.5507,1.5523,1.5491
17/02/2023,1.5653,1.5669,1.5637
16/02/2023,1.571,1.5726,1.5694
15/02/2023,1.5959,1.5975,1.5943
14/02/2023,1.563,1.5646,1.5614
13/02/2023,1.5598,1.5614,1.5582
10/02/2023,1.5443,1.5458,1.5428
9/02/2023,1.5392,1.5407,1.5377
8/02/2023,1.5823,1.5839,1.5807
7/02/2023,1.6041,1.6057,1.6025
6/02/2023,1.5948,1.5964,1.5932
3/02/2023,1.5875,1.5891,1.5859
2/02/2023,1.5794,1.581,1.5778
1/02/2023,1.5556,1.5572,1.554
31/01/2023,1.5406,1.5421,1.5391
30/01/2023,1.5168,1.5183,1.5153
27/01/2023,1.5302,1.5317,1.5287
25/01/2023,1.5129,1.5144,1.5114
24/01/2023,1.5298,1.5313,1.5283
23/01/2023,1.5433,1.5448,1.5418
20/01/2023,1.5481,1.5496,1.5466
19/01/2023,1.527,1.5285,1.5255
18/01/2023,1.5017,1.5032,1.5002
17/01/2023,1.517,1.5185,1.5155
16/01/2023,1.5302,1.5317,1.5287
13/01/2023,1.529,1.5305,1.5275
12/01/2023,1.5281,1.5296,1.5266
11/01/2023,1.5291,1.5306,1.5276
10/01/2023,1.5097,1.5112,1.5082
9/01/2023,1.476,1.4775,1.4745
6/01/2023,1.49,1.4915,1.4885
5/01/2023,1.482,1.4835,1.4805
4/01/2023,1.4826,1.4841,1.4811
3/01/2023,1.4887,1.4902,1.4872
30/12/2022,1.472,1.4735,1.4705
29/12/2022,1.4858,1.4873,1.4843
28/12/2022,1.4579,1.4594,1.4564
23/12/2022,1.4872,1.4887,1.4857
22/12/2022,1.4881,1.4896,1.4866
21/12/2022,1.4931,1.4946,1.4916
20/12/2022,1.4718,1.4733,1.4703
19/12/2022,1.4613,1.4628,1.4598
16/12/2022,1.4854,1.4869,1.4839
15/12/2022,1.4933,1.4948,1.4918
14/12/2022,1.5026,1.5041,1.5011
13/12/2022,1.5153,1.5168,1.5138
12/12/2022,1.5285,1.53,1.527
9/12/2022,1.4963,1.4978,1.4948
8/12/2022,1.5094,1.5109,1.5079
7/12/2022,1.4984,1.4999,1.4969
6/12/2022,1.512,1.5135,1.5105
5/12/2022,1.5193,1.5208,1.5178
2/12/2022,1.5359,1.5374,1.5344
1/12/2022,1.5278,1.5293,1.5263
28/11/2022,1.4921,1.4936,1.4906
25/11/2022,1.5041,1.5056,1.5026
24/11/2022,1.4977,1.4992,1.4962
23/11/2022,1.5081,1.5096,1.5066
22/11/2022,1.514,1.5155,1.5125
21/11/2022,1.5018,1.5033,1.5003
18/11/2022,1.4811,1.4826,1.4796
17/11/2022,1.4877,1.4892,1.4862
16/11/2022,1.4746,1.4761,1.4731
15/11/2022,1.4775,1.479,1.476
14/11/2022,1.4711,1.4726,1.4696
11/11/2022,1.4842,1.4857,1.4827
10/11/2022,1.4775,1.479,1.476
9/11/2022,1.4182,1.4196,1.4168
8/11/2022,1.4221,1.4235,1.4207
7/11/2022,1.4283,1.4297,1.4269
4/11/2022,1.4175,1.4189,1.4161
3/11/2022,1.4198,1.4212,1.4184
2/11/2022,1.4328,1.4342,1.4314
1/11/2022,1.4863,1.4878,1.4848
31/10/2022,1.4853,1.4868,1.4838
28/10/2022,1.4994,1.5009,1.4979
27/10/2022,1.4501,1.4516,1.4486
26/10/2022,1.458,1.4595,1.4565
25/10/2022,1.4926,1.4941,1.4911
24/10/2022,1.4906,1.4921,1.4891
21/10/2022,1.4663,1.4678,1.4648
20/10/2022,1.4367,1.4381,1.4353
19/10/2022,1.4675,1.469,1.466
18/10/2022,1.4823,1.4838,1.4808
17/10/2022,1.4769,1.4784,1.4754
14/10/2022,1.4491,1.4505,1.4477
13/10/2022,1.4831,1.4846,1.4816
12/10/2022,1.4406,1.442,1.4392
11/10/2022,1.44,1.4414,1.4386
10/10/2022,1.4484,1.4498,1.447
7/10/2022,1.4305,1.4319,1.4291
6/10/2022,1.4663,1.4678,1.4648
5/10/2022,1.4768,1.4783,1.4753
4/10/2022,1.4655,1.467,1.464
30/09/2022,1.4015,1.4029,1.4001
29/09/2022,1.4172,1.4186,1.4158
28/09/2022,1.4319,1.4333,1.4305
27/09/2022,1.4122,1.4136,1.4108
26/09/2022,1.4159,1.4173,1.4145
23/09/2022,1.4202,1.4216,1.4188
21/09/2022,1.4214,1.4228,1.42
20/09/2022,1.4359,1.4373,1.4345
19/09/2022,1.4631,1.4646,1.4616
16/09/2022,1.4601,1.4616,1.4586
15/09/2022,1.4729,1.4744,1.4714
14/09/2022,1.4989,1.5004,1.4974
13/09/2022,1.4955,1.497,1.494
12/09/2022,1.5326,1.5341,1.5311
9/09/2022,1.5315,1.533,1.53
8/09/2022,1.5274,1.5289,1.5259
7/09/2022,1.5235,1.525,1.522
6/09/2022,1.4875,1.489,1.486
5/09/2022,1.4767,1.4782,1.4752
2/09/2022,1.4677,1.4692,1.4662
1/09/2022,1.4969,1.4984,1.4954
31/08/2022,1.4773,1.4788,1.4758
30/08/2022,1.4821,1.4836,1.4806
29/08/2022,1.4833,1.4848,1.4818
26/08/2022,1.4861,1.4876,1.4846
25/08/2022,1.5337,1.5352,1.5322
24/08/2022,1.5277,1.5292,1.5262
23/08/2022,1.516,1.5175,1.5145
22/08/2022,1.5432,1.5447,1.5417
19/08/2022,1.5785,1.5801,1.5769
18/08/2022,1.5869,1.5885,1.5853
17/08/2022,1.5948,1.5964,1.5932
16/08/2022,1.571,1.5726,1.5694
15/08/2022,1.569,1.5706,1.5674
12/08/2022,1.552,1.5536,1.5504
11/08/2022,1.5207,1.5222,1.5192
10/08/2022,1.5303,1.5318,1.5288
9/08/2022,1.5314,1.5329,1.5299
8/08/2022,1.5374,1.5389,1.5359
5/08/2022,1.5571,1.5587,1.5555
4/08/2022,1.5445,1.546,1.543
3/08/2022,1.5434,1.5449,1.5419
2/08/2022,1.5215,1.523,1.52
1/08/2022,1.5132,1.5147,1.5117
29/07/2022,1.5345,1.536,1.533
28/07/2022,1.5212,1.5227,1.5197
27/07/2022,1.4999,1.5014,1.4984
26/07/2022,1.4564,1.4579,1.4549
25/07/2022,1.4793,1.4808,1.4778
22/07/2022,1.4806,1.4821,1.4791
21/07/2022,1.5113,1.5128,1.5098
20/07/2022,1.4858,1.4873,1.4843
19/07/2022,1.4795,1.481,1.478
18/07/2022,1.448,1.4494,1.4466
15/07/2022,1.4747,1.4762,1.4732
14/07/2022,1.4754,1.4769,1.4739
13/07/2022,1.4605,1.462,1.459
12/07/2022,1.4721,1.4736,1.4706
11/07/2022,1.4982,1.4997,1.4967
8/07/2022,1.4822,1.4837,1.4807
7/07/2022,1.4884,1.4899,1.4869
6/07/2022,1.4854,1.4869,1.4839
5/07/2022,1.4694,1.4709,1.4679
4/07/2022,1.4402,1.4416,1.4388
1/07/2022,1.4575,1.459,1.456
30/06/2022,1.5251,1.5266,1.5236
29/06/2022,1.5389,1.5404,1.5374
28/06/2022,1.5198,1.5213,1.5183
27/06/2022,1.5601,1.5617,1.5585
24/06/2022,1.5703,1.5719,1.5687
23/06/2022,1.5248,1.5263,1.5233
22/06/2022,1.4912,1.4927,1.4897
21/06/2022,1.4805,1.482,1.479
20/06/2022,1.4581,1.4596,1.4566
17/06/2022,1.471,1.4725,1.4695
16/06/2022,1.4589,1.4604,1.4574
15/06/2022,1.5041,1.5056,1.5026
14/06/2022,1.4937,1.4952,1.4922
10/06/2022,1.5172,1.5187,1.5157
9/06/2022,1.5449,1.5464,1.5434
8/06/2022,1.5564,1.558,1.5548
7/06/2022,1.5657,1.5673,1.5641
6/06/2022,1.5539,1.5555,1.5523
3/06/2022,1.5499,1.5514,1.5484
2/06/2022,1.5731,1.5747,1.5715
1/06/2022,1.541,1.5425,1.5395
30/05/2022,1.5694,1.571,1.5678
27/05/2022,1.5721,1.5737,1.5705
26/05/2022,1.5447,1.5462,1.5432
25/05/2022,1.511,1.5125,1.5095
24/05/2022,1.5082,1.5097,1.5067
23/05/2022,1.5189,1.5204,1.5174
20/05/2022,1.5178,1.5193,1.5163
19/05/2022,1.5336,1.5351,1.5321
18/05/2022,1.5447,1.5462,1.5432
17/05/2022,1.5928,1.5944,1.5912
16/05/2022,1.582,1.5836,1.5804
13/05/2022,1.5923,1.5939,1.5907
12/05/2022,1.5681,1.5697,1.5665
11/05/2022,1.5388,1.5403,1.5373
10/05/2022,1.5693,1.5709,1.5677
9/05/2022,1.5541,1.5557,1.5525
6/05/2022,1.5804,1.582,1.5788
5/05/2022,1.5943,1.5959,1.5927
4/05/2022,1.6581,1.6598,1.6564
3/05/2022,1.6252,1.6268,1.6236
2/05/2022,1.6363,1.6379,1.6347
29/04/2022,1.6143,1.6159,1.6127
28/04/2022,1.6801,1.6818,1.6784
27/04/2022,1.6372,1.6388,1.6356
26/04/2022,1.6098,1.6114,1.6082
22/04/2022,1.6196,1.6212,1.618
21/04/2022,1.6453,1.6469,1.6437
20/04/2022,1.6554,1.6571,1.6537
19/04/2022,1.6614,1.6631,1.6597
14/04/2022,1.6311,1.6327,1.6295
13/04/2022,1.6459,1.6475,1.6443
12/04/2022,1.6112,1.6128,1.6096
11/04/2022,1.6356,1.6372,1.634
8/04/2022,1.6582,1.6599,1.6565
7/04/2022,1.656,1.6577,1.6543
6/04/2022,1.6372,1.6388,1.6356
5/04/2022,1.6367,1.6383,1.6351
4/04/2022,1.6611,1.6628,1.6594
1/04/2022,1.6615,1.6632,1.6598
31/03/2022,1.6436,1.6452,1.642
30/03/2022,1.6664,1.6681,1.6647
29/03/2022,1.689,1.6907,1.6873
28/03/2022,1.6619,1.6636,1.6602
25/03/2022,1.6423,1.6439,1.6407
24/03/2022,1.636,1.6376,1.6344
23/03/2022,1.623,1.6246,1.6214
22/03/2022,1.667,1.6687,1.6653
21/03/2022,1.6563,1.658,1.6546
18/03/2022,1.6738,1.6755,1.6721
17/03/2022,1.6534,1.6551,1.6517
16/03/2022,1.6664,1.6681,1.6647
15/03/2022,1.6361,1.6377,1.6345
14/03/2022,1.5944,1.596,1.5928
11/03/2022,1.584,1.5856,1.5824
10/03/2022,1.5954,1.597,1.5938
9/03/2022,1.6146,1.6162,1.613
8/03/2022,1.5749,1.5765,1.5733
7/03/2022,1.5854,1.587,1.5838
4/03/2022,1.6275,1.6291,1.6259
3/03/2022,1.6535,1.6552,1.6518
2/03/2022,1.6723,1.674,1.6706
1/03/2022,1.6447,1.6463,1.6431
28/02/2022,1.6642,1.6659,1.6625
25/02/2022,1.679,1.6807,1.6773
24/02/2022,1.6759,1.6776,1.6742
23/02/2022,1.6158,1.6174,1.6142
22/02/2022,1.6487,1.6503,1.6471
21/02/2022,1.6615,1.6632,1.6598
18/02/2022,1.6706,1.6723,1.6689
17/02/2022,1.6673,1.669,1.6656
16/02/2022,1.712,1.7137,1.7103
15/02/2022,1.7195,1.7212,1.7178
14/02/2022,1.702,1.7037,1.7003
11/02/2022,1.6935,1.6952,1.6918
10/02/2022,1.7087,1.7104,1.707
9/02/2022,1.7556,1.7574,1.7538
8/02/2022,1.7377,1.7394,1.736
7/02/2022,1.7292,1.7309,1.7275
4/02/2022,1.7599,1.7617,1.7581
3/02/2022,1.7329,1.7346,1.7312
2/02/2022,1.7725,1.7743,1.7707
1/02/2022,1.7464,1.7481,1.7447
31/01/2022,1.7546,1.7564,1.7528
28/01/2022,1.7426,1.7443,1.7409
27/01/2022,1.6781,1.6798,1.6764
25/01/2022,1.6698,1.6715,1.6681
24/01/2022,1.7028,1.7045,1.7011
21/01/2022,1.673,1.6747,1.6713
20/01/2022,1.6787,1.6804,1.677
19/01/2022,1.7097,1.7114,1.708
18/01/2022,1.7208,1.7225,1.7191
17/01/2022,1.7388,1.7405,1.7371
14/01/2022,1.7338,1.7355,1.7321
13/01/2022,1.7312,1.7329,1.7295
12/01/2022,1.7712,1.773,1.7694
11/01/2022,1.7793,1.7811,1.7775
10/01/2022,1.7702,1.772,1.7684
7/01/2022,1.7897,1.7915,1.7879
6/01/2022,1.8202,1.822,1.8184
5/01/2022,1.7988,1.8006,1.797
4/01/2022,1.8392,1.841,1.8374
31/12/2021,1.8435,1.8453,1.8417
30/12/2021,1.8517,1.8536,1.8498
29/12/2021,1.8539,1.8558,1.852
24/12/2021,1.83,1.8318,1.8282
23/12/2021,1.8292,1.831,1.8274
22/12/2021,1.8292,1.831,1.8274
21/12/2021,1.8254,1.8272,1.8236
20/12/2021,1.7986,1.8004,1.7968
17/12/2021,1.8084,1.8102,1.8066
16/12/2021,1.816,1.8178,1.8142
15/12/2021,1.8405,1.8423,1.8387
14/12/2021,1.8265,1.8283,1.8247
13/12/2021,1.8494,1.8512,1.8476
10/12/2021,1.8495,1.8513,1.8477
9/12/2021,1.8435,1.8453,1.8417
8/12/2021,1.8434,1.8452,1.8416
7/12/2021,1.852,1.8539,1.8501
6/12/2021,1.8393,1.8411,1.8375
3/12/2021,1.8259,1.8277,1.8241
2/12/2021,1.8186,1.8204,1.8168
1/12/2021,1.7692,1.771,1.7674
30/11/2021,1.7991,1.8009,1.7973
29/11/2021,1.8242,1.826,1.8224
26/11/2021,1.8003,1.8021,1.7985
25/11/2021,1.8233,1.8251,1.8215
24/11/2021,1.8221,1.8239,1.8203
23/11/2021,1.8119,1.8137,1.8101
22/11/2021,1.8066,1.8084,1.8048
19/11/2021,1.8156,1.8174,1.8138
18/11/2021,1.8184,1.8202,1.8166
17/11/2021,1.8089,1.8107,1.8071
16/11/2021,1.8076,1.8094,1.8058
15/11/2021,1.7781,1.7799,1.7763
12/11/2021,1.7869,1.7887,1.7851
11/11/2021,1.7734,1.7752,1.7716
10/11/2021,1.7691,1.7709,1.7673
9/11/2021,1.7736,1.7754,1.7718
8/11/2021,1.764,1.7658,1.7622
5/11/2021,1.7637,1.7655,1.7619
4/11/2021,1.7531,1.7549,1.7513
3/11/2021,1.7384,1.7401,1.7367
2/11/2021,1.7452,1.7469,1.7435
1/11/2021,1.7114,1.7131,1.7097
29/10/2021,1.7305,1.7322,1.7288
28/10/2021,1.7097,1.7114,1.708
27/10/2021,1.7152,1.7169,1.7135
26/10/2021,1.7187,1.7204,1.717
25/10/2021,1.719,1.7207,1.7173
22/10/2021,1.7139,1.7156,1.7122
21/10/2021,1.7063,1.708,1.7046
20/10/2021,1.6908,1.6925,1.6891
19/10/2021,1.6986,1.7003,1.6969
18/10/2021,1.7031,1.7048,1.7014
15/10/2021,1.6961,1.6978,1.6944
14/10/2021,1.6807,1.6824,1.679
13/10/2021,1.6653,1.667,1.6636
12/10/2021,1.657,1.6587,1.6553
11/10/2021,1.6541,1.6558,1.6524
8/10/2021,1.6737,1.6754,1.672
7/10/2021,1.6765,1.6782,1.6748
6/10/2021,1.6657,1.6674,1.664
5/10/2021,1.6542,1.6559,1.6525
1/10/2021,1.6618,1.6635,1.6601
30/09/2021,1.6477,1.6493,1.6461
29/09/2021,1.6763,1.678,1.6746
28/09/2021,1.6621,1.6638,1.6604
27/09/2021,1.6849,1.6866,1.6832
24/09/2021,1.7049,1.7066,1.7032
23/09/2021,1.6933,1.695,1.6916
22/09/2021,1.6879,1.6896,1.6862
21/09/2021,1.6771,1.6788,1.6754
20/09/2021,1.6695,1.6712,1.6678
17/09/2021,1.6825,1.6842,1.6808
16/09/2021,1.6919,1.6936,1.6902
15/09/2021,1.6811,1.6828,1.6794
14/09/2021,1.6743,1.676,1.6726
13/09/2021,1.6664,1.6681,1.6647
10/09/2021,1.6685,1.6702,1.6668
9/09/2021,1.6756,1.6773,1.6739
8/09/2021,1.6829,1.6846,1.6812
7/09/2021,1.6755,1.6772,1.6738
6/09/2021,1.6768,1.6785,1.6751
3/09/2021,1.6737,1.6754,1.672
2/09/2021,1.6822,1.6839,1.6805
1/09/2021,1.692,1.6937,1.6903
31/08/2021,1.7068,1.7051,1.7034
30/08/2021,1.714,1.7123,1.7106
27/08/2021,1.7102,1.7085,1.7068
26/08/2021,1.7118,1.7101,1.7084
25/08/2021,1.7189,1.7172,1.7155
24/08/2021,1.7132,1.7115,1.7098
23/08/2021,1.7339,1.7322,1.7305
20/08/2021,1.7446,1.7429,1.7412
19/08/2021,1.7259,1.7242,1.7225
18/08/2021,1.6998,1.6981,1.6964
17/08/2021,1.6985,1.6968,1.6951
16/08/2021,1.6974,1.6957,1.694
13/08/2021,1.677,1.6753,1.6736
12/08/2021,1.6794,1.6777,1.676
11/08/2021,1.6724,1.6707,1.669
10/08/2021,1.6741,1.6724,1.6707
9/08/2021,1.671,1.6693,1.6676
6/08/2021,1.6685,1.6668,1.6651
5/08/2021,1.6551,1.6534,1.6517
4/08/2021,1.6527,1.651,1.6493
3/08/2021,1.6618,1.6601,1.6584
2/08/2021,1.6515,1.6499,1.6483
30/07/2021,1.6596,1.6613,1.6579
29/07/2021,1.6515,1.6532,1.6498
28/07/2021,1.656,1.6577,1.6543
27/07/2021,1.6408,1.6424,1.6392
26/07/2021,1.6395,1.6411,1.6379
23/07/2021,1.6424,1.644,1.6408
22/07/2021,1.6151,1.6167,1.6135
21/07/2021,1.6156,1.6172,1.614
20/07/2021,1.6105,1.6121,1.6089
19/07/2021,1.5915,1.5931,1.5899
16/07/2021,1.6015,1.6031,1.5999
15/07/2021,1.5992,1.6008,1.5976
14/07/2021,1.5876,1.5892,1.586
13/07/2021,1.5865,1.5881,1.5849
12/07/2021,1.5781,1.5797,1.5765
9/07/2021,1.5794,1.581,1.5778
8/07/2021,1.5804,1.582,1.5788
7/07/2021,1.5845,1.5861,1.5829
6/07/2021,1.5727,1.5743,1.5711
5/07/2021,1.568,1.5696,1.5664
2/07/2021,1.5769,1.5785,1.5753
1/07/2021,1.5659,1.5675,1.5643
30/06/2021,1.7083,1.71,1.7066
29/06/2021,1.7122,1.7139,1.7105
28/06/2021,1.6919,1.6936,1.6902
24/06/2021,1.6714,1.6731,1.6697
23/06/2021,1.6626,1.6643,1.6609
22/06/2021,1.6799,1.6816,1.6782
21/06/2021,1.6682,1.6699,1.6665
18/06/2021,1.6537,1.6554,1.652
17/06/2021,1.6533,1.655,1.6516
16/06/2021,1.6242,1.6258,1.6226
15/06/2021,1.6396,1.6412,1.638
11/06/2021,1.6385,1.6401,1.6369
10/06/2021,1.6252,1.6268,1.6236
9/06/2021,1.6198,1.6214,1.6182
8/06/2021,1.6155,1.6171,1.6139
7/06/2021,1.6117,1.6133,1.6101
4/06/2021,1.6168,1.6184,1.6152
3/06/2021,1.6197,1.6213,1.6181
2/06/2021,1.6103,1.6119,1.6087
1/06/2021,1.6064,1.608,1.6048
31/05/2021,1.6212,1.6228,1.6196
27/05/2021,1.618,1.6196,1.6164
26/05/2021,1.6163,1.6179,1.6147
25/05/2021,1.6088,1.6104,1.6072
24/05/2021,1.6097,1.6113,1.6081
21/05/2021,1.6012,1.6028,1.5996
20/05/2021,1.5963,1.5979,1.5947
19/05/2021,1.5865,1.5881,1.5849
18/05/2021,1.5852,1.5868,1.5836
17/05/2021,1.6028,1.6044,1.6012
14/05/2021,1.6091,1.6107,1.6075
13/05/2021,1.5991,1.6007,1.5975
12/05/2021,1.5783,1.5799,1.5767
11/05/2021,1.5941,1.5957,1.5925
10/05/2021,1.5993,1.6009,1.5977
7/05/2021,1.6142,1.6158,1.6126
6/05/2021,1.6165,1.6181,1.6149
5/05/2021,1.6065,1.6081,1.6049
4/05/2021,1.6183,1.6199,1.6167
3/05/2021,1.6097,1.6113,1.6081
30/04/2021,1.609,1.6106,1.6074
29/04/2021,1.6064,1.608,1.6048
28/04/2021,1.5932,1.5948,1.5916
27/04/2021,1.6011,1.6027,1.5995
26/04/2021,1.5918,1.5934,1.5902
23/04/2021,1.6142,1.6158,1.6126
22/04/2021,1.6001,1.6017,1.5985
21/04/2021,1.5898,1.5914,1.5882
20/04/2021,1.5786,1.5802,1.577
19/04/2021,1.5784,1.58,1.5768
16/04/2021,1.5945,1.5961,1.5929
15/04/2021,1.5777,1.5793,1.5761
14/04/2021,1.5688,1.5704,1.5672
13/04/2021,1.5929,1.5945,1.5913
12/04/2021,1.5902,1.5918,1.5886
9/04/2021,1.5886,1.5902,1.587
8/04/2021,1.5735,1.5751,1.5719
7/04/2021,1.5597,1.5613,1.5581
6/04/2021,1.5623,1.5639,1.5607
31/03/2021,1.5291,1.5306,1.5276
30/03/2021,1.5314,1.5329,1.5299
29/03/2021,1.5375,1.539,1.536
26/03/2021,1.5344,1.5359,1.5329
25/03/2021,1.5151,1.5166,1.5136
24/03/2021,1.4969,1.4984,1.4954
23/03/2021,1.4859,1.4874,1.4844
22/03/2021,1.4763,1.4778,1.4748
19/03/2021,1.4694,1.4709,1.4679
18/03/2021,1.4691,1.4706,1.4676
17/03/2021,1.4971,1.4986,1.4956
16/03/2021,1.4938,1.4953,1.4923
15/03/2021,1.4938,1.4953,1.4923
12/03/2021,1.4774,1.4789,1.4759
11/03/2021,1.4748,1.4763,1.4733
10/03/2021,1.476,1.4775,1.4745
9/03/2021,1.4823,1.4838,1.4808
8/03/2021,1.468,1.4695,1.4665
5/03/2021,1.4637,1.4652,1.4622
4/03/2021,1.4046,1.406,1.4032
3/03/2021,1.4169,1.4183,1.4155
2/03/2021,1.4367,1.4381,1.4353
1/03/2021,1.4526,1.4541,1.4511
26/02/2021,1.4283,1.4297,1.4269
24/02/2021,1.4288,1.4302,1.4274
23/02/2021,1.4207,1.4221,1.4193
22/02/2021,1.4213,1.4227,1.4199
19/02/2021,1.4407,1.4421,1.4393
18/02/2021,1.472,1.4735,1.4705
17/02/2021,1.4659,1.4674,1.4644
16/02/2021,1.4498,1.4512,1.4484
15/02/2021,1.4529,1.4544,1.4514
12/02/2021,1.4579,1.4594,1.4564
11/02/2021,1.4541,1.4556,1.4526
10/02/2021,1.4572,1.4587,1.4557
9/02/2021,1.4626,1.4641,1.4611
8/02/2021,1.4641,1.4656,1.4626
5/02/2021,1.4689,1.4704,1.4674
4/02/2021,1.4716,1.4731,1.4701
3/02/2021,1.4546,1.4561,1.4531
2/02/2021,1.4556,1.4571,1.4541
1/02/2021,1.429,1.4304,1.4276
29/01/2021,1.396,1.3974,1.3946
28/01/2021,1.4213,1.4227,1.4199
27/01/2021,1.3963,1.3977,1.3949
25/01/2021,1.4202,1.4216,1.4188
22/01/2021,1.4109,1.4123,1.4095
21/01/2021,1.4095,1.4109,1.4081
20/01/2021,1.4189,1.4203,1.4175
19/01/2021,1.4073,1.4087,1.4059
18/01/2021,1.4048,1.4062,1.4034
15/01/2021,1.402,1.4034,1.4006
14/01/2021,1.3925,1.3939,1.3911
13/01/2021,1.4156,1.417,1.4142
12/01/2021,1.4223,1.4237,1.4209
11/01/2021,1.4302,1.4316,1.4288
8/01/2021,1.4262,1.4276,1.4248
7/01/2021,1.4225,1.4239,1.4211
6/01/2021,1.4047,1.4061,1.4033
5/01/2021,1.4041,1.4055,1.4027
4/01/2021,1.4122,1.4136,1.4108
31/12/2020,1.4316,1.433,1.4302
30/12/2020,1.4268,1.4282,1.4254
29/12/2020,1.4412,1.4426,1.4398
24/12/2020,1.4415,1.4429,1.4401
23/12/2020,1.4341,1.4355,1.4327
22/12/2020,1.4528,1.4543,1.4513
21/12/2020,1.4485,1.4499,1.4471
18/12/2020,1.4422,1.4436,1.4408
17/12/2020,1.4414,1.4428,1.44
16/12/2020,1.4396,1.441,1.4382
15/12/2020,1.4411,1.4425,1.4397
14/12/2020,1.4254,1.4268,1.424
11/12/2020,1.4295,1.4309,1.4281
10/12/2020,1.4308,1.4322,1.4294
9/12/2020,1.444,1.4454,1.4426
8/12/2020,1.4589,1.4604,1.4574
7/12/2020,1.4387,1.4401,1.4373
4/12/2020,1.4442,1.4456,1.4428
3/12/2020,1.4313,1.4327,1.4299
2/12/2020,1.4433,1.4447,1.4419
30/11/2020,1.4381,1.4395,1.4367
27/11/2020,1.4366,1.438,1.4352
26/11/2020,1.442,1.4434,1.4406
25/11/2020,1.4446,1.446,1.4432
24/11/2020,1.4476,1.449,1.4462
23/11/2020,1.4458,1.4472,1.4444
20/11/2020,1.4284,1.4298,1.427
19/11/2020,1.4488,1.4502,1.4474
18/11/2020,1.4319,1.4333,1.4305
17/11/2020,1.4581,1.4596,1.4566
16/11/2020,1.4621,1.4636,1.4606
13/11/2020,1.4544,1.4559,1.4529
12/11/2020,1.4319,1.4333,1.4305
11/11/2020,1.4424,1.4438,1.441
10/11/2020,1.4346,1.436,1.4332
9/11/2020,1.4211,1.4225,1.4197
6/11/2020,1.4037,1.4051,1.4023
5/11/2020,1.3975,1.3989,1.3961
4/11/2020,1.4074,1.4088,1.406
3/11/2020,1.3804,1.3818,1.379
2/11/2020,1.3776,1.379,1.3762
30/10/2020,1.3619,1.3633,1.3605
29/10/2020,1.3707,1.3721,1.3693
28/10/2020,1.3496,1.3509,1.3483
27/10/2020,1.373,1.3744,1.3716
26/10/2020,1.3838,1.3852,1.3824
23/10/2020,1.4197,1.4211,1.4183
22/10/2020,1.413,1.4144,1.4116
21/10/2020,1.4108,1.4122,1.4094
20/10/2020,1.4201,1.4215,1.4187
19/10/2020,1.4065,1.4079,1.4051
16/10/2020,1.4358,1.4372,1.4344
15/10/2020,1.4313,1.4327,1.4299
14/10/2020,1.4123,1.4137,1.4109
13/10/2020,1.4237,1.4251,1.4223
12/10/2020,1.4189,1.4203,1.4175
9/10/2020,1.4007,1.4021,1.3993
8/10/2020,1.3978,1.3992,1.3964
7/10/2020,1.3918,1.3932,1.3904
6/10/2020,1.3683,1.3697,1.3669
2/10/2020,1.3681,1.3695,1.3667
1/10/2020,1.3711,1.3725,1.3697
30/09/2020,1.3637,1.3651,1.3623
29/09/2020,1.3646,1.366,1.3632
28/09/2020,1.38,1.3814,1.3786
25/09/2020,1.361,1.3624,1.3596
24/09/2020,1.3399,1.3412,1.3386
23/09/2020,1.3234,1.3247,1.3221
22/09/2020,1.338,1.3393,1.3367
21/09/2020,1.3185,1.3198,1.3172
18/09/2020,1.3166,1.3179,1.3153
17/09/2020,1.3396,1.3409,1.3383
16/09/2020,1.3401,1.3414,1.3388
15/09/2020,1.3493,1.3506,1.348
14/09/2020,1.345,1.3463,1.3437
11/09/2020,1.3326,1.3339,1.3313
10/09/2020,1.3281,1.3294,1.3268
9/09/2020,1.353,1.3544,1.3516
8/09/2020,1.3328,1.3341,1.3315
7/09/2020,1.3526,1.354,1.3512
4/09/2020,1.3586,1.36,1.3572
3/09/2020,1.3659,1.3673,1.3645
2/09/2020,1.4085,1.4099,1.4071
1/09/2020,1.3637,1.3651,1.3623
31/08/2020,1.3515,1.3529,1.3501
28/08/2020,1.3722,1.3736,1.3708
27/08/2020,1.3839,1.3853,1.3825
26/08/2020,1.3769,1.3783,1.3755
25/08/2020,1.374,1.3754,1.3726
24/08/2020,1.367,1.3684,1.3656
21/08/2020,1.3615,1.3629,1.3601
20/08/2020,1.3628,1.3642,1.3614
19/08/2020,1.3426,1.3439,1.3413
18/08/2020,1.3502,1.3516,1.3488
17/08/2020,1.3539,1.3553,1.3525
14/08/2020,1.3502,1.3516,1.3488
13/08/2020,1.354,1.3554,1.3526
12/08/2020,1.3543,1.3557,1.3529
11/08/2020,1.3455,1.3468,1.3442
10/08/2020,1.3429,1.3442,1.3416
7/08/2020,1.3422,1.3435,1.3409
6/08/2020,1.3313,1.3326,1.33
5/08/2020,1.3263,1.3276,1.325
4/08/2020,1.339,1.3403,1.3377
3/08/2020,1.3481,1.3494,1.3468
31/07/2020,1.3262,1.3275,1.3249
30/07/2020,1.4929,1.4944,1.4914
29/07/2020,1.3395,1.3408,1.3382
28/07/2020,1.3342,1.3353,1.3329
27/07/2020,1.344,1.3453,1.3427
24/07/2020,1.3439,1.3452,1.3426
23/07/2020,1.3517,1.3531,1.3503
22/07/2020,1.3575,1.3589,1.3561
21/07/2020,1.3495,1.3508,1.3482
20/07/2020,1.369,1.3704,1.3676
17/07/2020,1.362,1.3634,1.3606
16/07/2020,1.3491,1.3504,1.3478
15/07/2020,1.3498,1.3511,1.3485
14/07/2020,1.3456,1.3469,1.3443
13/07/2020,1.3331,1.3344,1.3318
10/07/2020,1.3549,1.3563,1.3535
9/07/2020,1.3455,1.3468,1.3442
8/07/2020,1.3556,1.357,1.3542
7/07/2020,1.3443,1.3456,1.343
6/07/2020,1.3596,1.361,1.3582
3/07/2020,1.357,1.3584,1.3556
2/07/2020,1.3636,1.365,1.3622
1/07/2020,1.35,1.3514,1.3486
30/06/2020,1.5228,1.5243,1.5213
29/06/2020,1.5097,1.5112,1.5082
26/06/2020,1.4967,1.4982,1.4952
25/06/2020,1.5225,1.524,1.521
24/06/2020,1.4904,1.4919,1.4889
23/06/2020,1.512,1.5135,1.5105
22/06/2020,1.5176,1.5191,1.5161
19/06/2020,1.5119,1.5134,1.5104
18/06/2020,1.5252,1.5267,1.5237
17/06/2020,1.5175,1.519,1.516
16/06/2020,1.525,1.5265,1.5235
15/06/2020,1.4916,1.4931,1.4901
12/06/2020,1.4878,1.4893,1.4863
11/06/2020,1.461,1.4625,1.4595
10/06/2020,1.5159,1.5174,1.5144
9/06/2020,1.5175,1.519,1.516
5/06/2020,1.5292,1.5307,1.5277
4/06/2020,1.4942,1.4957,1.4927
3/06/2020,1.5155,1.517,1.514
2/06/2020,1.5067,1.5082,1.5052
1/06/2020,1.5053,1.5068,1.5038
29/05/2020,1.5386,1.5401,1.5371
28/05/2020,1.5273,1.5288,1.5258
27/05/2020,1.5344,1.5359,1.5329
26/05/2020,1.5067,1.5082,1.5052
25/05/2020,1.5146,1.5161,1.5131
22/05/2020,1.5177,1.5192,1.5162
21/05/2020,1.5065,1.508,1.505
20/05/2020,1.5093,1.5108,1.5078
19/05/2020,1.4944,1.4959,1.4929
18/05/2020,1.5181,1.5196,1.5166
15/05/2020,1.4995,1.501,1.498
14/05/2020,1.4855,1.487,1.484
13/05/2020,1.4656,1.4671,1.4641
12/05/2020,1.487,1.4885,1.4855
11/05//20,1.5152,1.5167,1.5137
8/05/2020,1.5023,1.5038,1.5008
7/05/2020,1.5093,1.5108,1.5078
6/05/2020,1.4877,1.4892,1.4862
5/05/2020,1.491,1.4925,1.4895
4/05/2020,1.4767,1.4782,1.4752
1/05/2020,1.4617,1.4632,1.4602
30/04/2020,1.4624,1.4639,1.4609
29/04/2020,1.4737,1.4752,1.4722
28/04/2020,1.4339,1.4353,1.4325
27/04/2020,1.4449,1.4463,1.4435
24/04/2020,1.4426,1.444,1.4412
23/04/2020,1.4235,1.4249,1.4221
22/04/2020,1.4499,1.4513,1.4485
21/04/2020,1.4219,1.4233,1.4205
20/04/2020,1.44,1.4414,1.4386
17/04/2020,1.4702,1.4717,1.4687
16/04/2020,1.438,1.4394,1.4366
15/04/2020,1.4383,1.4397,1.4369
14/04/2020,1.4622,1.4637,1.4607
9/04/2020,1.4601,1.4616,1.4586
8/04/2020,1.4586,1.4604,1.4571
7/04/2020,1.4244,1.4258,1.423
6/04/2020,1.44,1.4414,1.4386
3/04/2020,1.3472,1.3485,1.3459
2/04/2020,1.367,1.3684,1.3656
1/04/2020,1.3416,1.3429,1.3403
31/03/2020,1.4075,1.4089,1.4061
30/03/2020,1.4214,1.4228,1.42
27/03/2020,1.3829,1.3843,1.3815
26/03/2020,1.452,1.4535,1.4505
25/03/2020,1.3989,1.3997,1.3969
24/03/2020,1.3904,1.3918,1.389
23/03/2020,1.3028,1.3041,1.3015
20/03/2020,1.3172,1.3185,1.3159
19/03/2020,1.3511,1.3525,1.3497
18/03/2020,1.3537,1.3551,1.3523
17/03/2020,1.4067,1.4081,1.4053
16/03/2020,1.3378,1.3391,1.3365
13/03/2020,1.4933,1.4948,1.4918
12/03/2020,1.3761,1.3775,1.3747
11/03/2020,1.441,1.4424,1.4396
10/03/2020,1.5076,1.5091,1.5061
9/03/2020,1.4057,1.4071,1.4043
6/03/2020,1.5239,1.5254,1.5224
5/03/2020,1.5545,1.5561,1.5529
4/03/2020,1.6076,1.6092,1.606
3/03/2020,1.5527,1.5543,1.5511
2/03/2020,1.608,1.6096,1.6064
28/02/2020,1.5698,1.5714,1.5682
27/02/2020,1.5568,1.5584,1.5552
26/02/2020,1.6255,1.6271,1.6239
25/02/2020,1.6187,1.6203,1.6171
24/02/2020,1.6599,1.6616,1.6582
21/02/2020,1.7149,1.7166,1.7132
20/02/2020,1.7317,1.7334,1.73
19/02/2020,1.7237,1.7254,1.722
18/02/2020,1.7057,1.7074,1.704
17/02/2020,1.7122,1.7139,1.7105
14/02/2020,1.7111,1.7128,1.7094
13/02/2020,1.6978,1.6995,1.6961
12/02/2020,1.6863,1.688,1.6846
11/02/2020,1.6765,1.6782,1.6748
10/02/2020,1.6817,1.6834,1.68
7/02/2020,1.6752,1.6769,1.6735
6/02/2020,1.6732,1.6749,1.6715
5/02/2020,1.668,1.6697,1.6663
4/02/2020,1.6556,1.6573,1.6539
3/02/2020,1.6452,1.6468,1.6436
31/01/2020,1.6282,1.6298,1.6266
30/01/2020,1.6607,1.6624,1.659
29/01/2020,1.6515,1.6532,1.6498
28/01/2020,1.6584,1.6601,1.6567
24/01/2020,1.65,1.6517,1.6483
23/01/2020,1.6563,1.658,1.6546
22/01/2020,1.6606,1.6623,1.6589
21/01/2020,1.6497,1.6513,1.6481
20/01/2020,1.6484,1.65,1.6468
17/01/2020,1.6466,1.6482,1.645
16/01/2020,1.6301,1.6317,1.6285
15/01/2020,1.6231,1.6247,1.6215
14/01/2020,1.6164,1.618,1.6148
13/01/2020,1.6192,1.6208,1.6176
10/01/2020,1.6132,1.6148,1.6116
9/01/2020,1.6278,1.6294,1.6262
8/01/2020,1.6137,1.6353,1.6121
7/01/2020,1.5979,1.5995,1.5963
6/01/2020,1.5855,1.5871,1.5839
3/01/2020,1.5768,1.5784,1.5752
2/01/2020,1.5708,1.5724,1.5692
31/12/2019,1.5539,1.5555,1.5523
30/12/2019,1.5589,1.5605,1.5573
27/12/2019,1.5689,1.5705,1.5673
24/12/2019,1.5735,1.5751,1.5719
23/12/2019,1.5742,1.5758,1.5726
20/12/2019,1.5806,1.5822,1.579
19/12/2019,1.5782,1.5798,1.5766
18/12/2019,1.5746,1.5762,1.573
17/12/2019,1.5762,1.5778,1.5746
16/12/2019,1.5698,1.5714,1.5682
13/12/2019,1.5641,1.5657,1.5625
12/12/2019,1.5527,1.5543,1.5511
11/12/2019,1.5549,1.5565,1.5533
10/12/2019,1.562,1.5636,1.5604
9/12/2019,1.56,1.5616,1.5584
6/12/2019,1.5642,1.5658,1.5626
5/12/2019,1.5543,1.5559,1.5527
4/12/2019,1.5464,1.5479,1.5449
3/12/2019,1.5385,1.54,1.537
2/12/2019,1.5516,1.5532,1.55
29/11/2019,1.5782,1.5798,1.5766
28/11/2019,1.5839,1.5855,1.5823
27/11/2019,1.5806,1.5822,1.579
26/11/2019,1.575,1.5766,1.5734
25/11/2019,1.5705,1.5721,1.5689
22/11/2019,1.5578,1.5594,1.5562
21/11/2019,1.5544,1.556,1.5528
20/11/2019,1.5564,1.558,1.5548
19/11/2019,1.5514,1.553,1.5498
18/11/2019,1.5501,1.5517,1.5485
15/11/2019,1.5507,1.5523,1.5491
14/11/2019,1.5512,1.5528,1.5496
13/11/2019,1.5327,1.5342,1.5312
12/11/2019,1.5291,1.5306,1.5276
11/11/2019,1.5268,1.5283,1.5253
8/11/2019,1.5223,1.5238,1.5208
7/11/2019,1.5144,1.5159,1.5129
6/11/2019,1.5177,1.5192,1.5162
5/11/2019,1.5178,1.5193,1.5163
4/11/2019,1.5229,1.5244,1.5214
1/11/2019,1.5218,1.5233,1.5203
31/10/2019,1.5141,1.5156,1.5126
30/10/2019,1.5197,1.5212,1.5182
29/10/2019,1.5141,1.5156,1.5126
28/10/2019,1.5243,1.5258,1.5228
25/10/2019,1.5191,1.5206,1.5176
24/10/2019,1.517,1.5185,1.5155
23/10/2019,1.5069,1.5084,1.5054
22/10/2019,1.5053,1.5068,1.5038
21/10/2019,1.5127,1.5142,1.5112
18/10/2019,1.5122,1.5137,1.5107
17/10/2019,1.5224,1.5239,1.5209
16/10/2019,1.532,1.5335,1.5305
15/10/2019,1.5265,1.528,1.525
14/10/2019,1.5109,1.5124,1.5094
11/10/2019,1.5054,1.5069,1.5039
10/10/2019,1.4938,1.4953,1.4923
9/10/2019,1.4876,1.4891,1.4861
8/10/2019,1.4755,1.477,1.474
4/10/2019,1.4939,1.4954,1.4924
3/10/2019,1.4795,1.477,"14,740.00"
2/10/2019,1.4766,1.4781,1.4751
1/10/2019,1.511,1.5125,1.5095
30/09/2019,1.5113,1.5128,1.5098
27/09/2019,1.5016,1.5031,1.5001
26/09/2019,1.5108,1.5123,1.5093
25/09/2019,1.5079,1.5094,1.5064
24/09/2019,1.4908,1.4923,1.4893
23/09/2019,1.501,1.5025,1.4995
20/09/2019,1.5029,1.5044,1.5014
19/09/2019,1.5124,1.5139,1.5109
18/09/2019,1.5,1.5015,1.4985
17/09/2019,1.4938,1.4953,1.4923
16/09/2019,1.4867,1.4882,1.4852
13/09/2019,1.4917,1.4932,1.4902
12/09/2019,1.4951,1.4966,1.4936
11/09/2019,1.4887,1.4902,1.4872
10/09/2019,1.4808,1.4823,1.4793
9/09/2019,1.4911,1.4926,1.4896
6/09/2019,1.4997,1.5012,1.4982
5/09/2019,1.5075,1.509,1.506
4/09/2019,1.4897,1.4912,1.4882
3/09/2019,1.4815,1.483,1.48
2/09/2019,1.5028,1.5043,1.5013
29/08/2019,1.4997,1.5012,1.4982
28/08/2019,1.476,1.4775,1.4745
27/08/2019,1.4673,1.4688,1.4658
26/08/2019,1.4616,1.4631,1.4601
23/08/2019,1.4512,1.4527,1.4497
22/08/2019,1.4841,1.4856,1.4826
21/08/2019,1.4767,1.4782,1.4752
20/08/2019,1.4575,1.459,1.456
19/08/2019,1.4659,1.4674,1.4644
16/08/2019,1.4514,1.4529,1.4499
15/08/2019,1.4326,1.434,1.4312
14/08/2019,1.4353,1.4367,1.4339
13/08/2019,1.4631,1.4646,1.4616
12/08/2019,1.4509,1.4524,1.4494
9/08/2019,1.4571,1.4586,1.4556
8/08/2019,1.4711,1.4726,1.4696
7/08/2019,1.447,1.4484,1.4456
6/08/2019,1.4324,1.4338,1.431
5/08/2019,1.4176,1.419,1.4162
2/08/2019,1.4573,1.4588,1.4558
1/08/2019,1.4621,1.4636,1.4606
31/07/2019,1.4592,1.4607,1.4577
30/07/2019,1.4707,1.4722,1.4692
29/07/2019,1.4741,1.4756,1.4726
26/07/2019,1.4759,1.4774,1.4744
25/07/2019,1.4397,1.4411,1.4383
24/07/2019,1.4402,1.4416,1.4388
23/07/2019,1.4292,1.4306,1.4278
22/07/2019,1.414,1.4154,1.4126
19/07/2019,1.4093,1.4107,1.4079
18/07/2019,1.4178,1.4192,1.4164
17/07/2019,1.4221,1.4235,1.4207
16/07/2019,1.4252,1.4266,1.4238
15/07/2019,1.4294,1.4308,1.428
12/07/2019,1.4331,1.4345,1.4317
11/07/2019,1.4277,1.4291,1.4263
10/07/2019,1.4297,1.4311,1.4283
9/07/2019,1.4363,1.4377,1.4349
8/07/2019,1.4224,1.4238,1.421
5/07/2019,1.4343,1.4357,1.4329
4/07/2019,1.4265,1.4279,1.4251
3/07/2019,1.4244,1.4258,1.423
2/07/2019,1.4184,1.4198,1.417
1/07/2019,1.4235,1.4249,1.4221
30/06/2019,1.4028,1.4042,1.4014
28/06/2019,1.5627,1.5643,1.5611
27/06/2019,1.5519,1.5535,1.5503
26/06/2019,1.5544,1.556,1.5528
25/06/2019,1.557,1.5586,1.5554
24/06/2019,1.5741,1.5757,1.5725
21/06/2019,1.5843,1.5859,1.5827
20/06/2019,1.5854,1.587,1.5838
19/06/2019,1.5764,1.578,1.5748
18/06/2019,1.5712,1.5728,1.5696
17/06/2019,1.5568,1.5584,1.5552
14/06/2019,1.5506,1.5522,1.549
13/06/2019,1.551,1.5526,1.5494
12/06/2019,1.5354,1.5369,1.5339
11/06/2019,1.5332,1.5347,1.5317
7/06/2019,1.518,1.5195,1.5165
6/06/2019,1.5026,1.5041,1.5011
5/06/2019,1.4927,1.4942,1.4912
4/06/2019,1.4792,1.4807,1.4777
3/06/2019,1.459,1.4605,1.4575
31/05/2019,1.4706,1.4721,1.4691
30/05/2019,1.4919,1.4934,1.4904
29/05/2019,1.4823,1.4838,1.4808
28/05/2019,1.4904,1.4919,1.4889
27/05/2019,1.4923,1.4938,1.4908
24/05/2019,1.4916,1.4931,1.4901
23/05/2019,1.4981,1.4996,1.4966
22/05/2019,1.5198,1.5213,1.5183
21/05/2019,1.5212,1.5227,1.5197
20/05/2019,1.4986,1.5001,1.4971
17/05/2019,1.5218,1.5233,1.5203
16/05/2019,1.5218,1.5233,1.5203
15/05/2019,1.5013,1.5028,1.4998
14/05/2019,1.4841,1.4856,1.4826
13/05/2019,1.4698,1.4713,1.4683
10/05/2019,1.4949,1.4964,1.4934
9/05/2019,1.4874,1.4889,1.4859
8/05/2019,1.4897,1.4912,1.4882
7/05/2019,1.4891,1.4906,1.4876
6/05/2019,1.5129,1.5144,1.5114
3/05/2019,1.5112,1.5127,1.5097
2/05/2019,1.4928,1.4943,1.4913
1/05/2019,1.4902,1.4917,1.4887
30/04/2019,1.5016,1.5031,1.5001
29/04/2019,1.5042,1.5057,1.5027
26/04/2019,1.5042,1.5057,1.5027
24/04/2019,1.5056,1.5071,1.5041
23/04/2019,1.4874,1.4889,1.4859
18/04/2019,1.4689,1.4704,1.4674
17/04/2019,1.4605,1.462,1.459
16/04/2019,1.463,1.4645,1.4615
15/04/2019,1.4562,1.4577,1.4547
12/04/2019,1.4543,1.4558,1.4528
11/04/2019,1.4524,1.4539,1.4509
10/04/2019,1.4411,1.4425,1.4397
9/04/2019,1.4333,1.4347,1.4319
8/04/2019,1.4433,1.4447,1.4419
5/04/2019,1.4472,1.4486,1.4458
4/04/2019,1.4407,1.4421,1.4393
3/04/2019,1.4358,1.4372,1.4344
2/04/2019,1.4346,1.436,1.4332
1/04/2019,1.4194,1.4208,1.418
29/03/2019,1.4042,1.4056,1.4028
28/03/2019,1.3966,1.398,1.3952
27/03/2019,1.39,1.3914,1.3886
26/03/2019,1.3807,1.3821,1.3793
25/03/2019,1.3769,1.3783,1.3755
22/03/2019,1.381,1.3824,1.3796
21/03/2019,1.4017,1.4031,1.4003
20/03/2019,1.3938,1.3952,1.3924
19/03/2019,1.3951,1.3965,1.3937
18/03/2019,1.3891,1.3905,1.3877
15/03/2019,1.3919,1.3933,1.3905
14/03/2019,1.3893,1.3907,1.3879
13/03/2019,1.3811,1.3825,1.3797
12/03/2019,1.3781,1.3795,1.3767
11/03/2019,1.3764,1.3778,1.375
8/03/2019,1.3617,1.3631,1.3603
7/03/2019,1.3714,1.3728,1.37
6/03/2019,1.3855,1.3869,1.3841
5/03/2019,1.3781,1.3795,1.3767
4/03/2019,1.3785,1.3799,1.3771
1/03/2019,1.3807,1.3821,1.3793
28/02/2019,1.3697,1.3711,1.3683
27/02/2019,1.3638,1.3652,1.3624
26/02/2019,1.3625,1.3639,1.3611
25/02/2019,1.3602,1.3616,1.3588
22/02/2019,1.364,1.3654,1.3626
21/02/2019,1.3604,1.3618,1.359
20/02/2019,1.3469,1.3482,1.3456
19/02/2019,1.35,1.3514,1.3486
18/02/2019,1.3491,1.3504,1.3478
15/02/2019,1.3506,1.352,1.3492
14/02/2019,1.3484,1.3497,1.3471
13/02/2019,1.3489,1.3502,1.3476
12/02/2019,1.3507,1.3521,1.3493
11/02/2019,1.3407,1.342,1.3394
8/02/2019,1.3307,1.332,1.3294
7/02/2019,1.3293,1.3306,1.328
6/02/2019,1.3297,1.331,1.3284
5/02/2019,1.3171,1.3184,1.3158
4/02/2019,1.3081,1.3094,1.3068
1/02/2019,1.2966,1.2979,1.2953
31/01/2019,1.2796,1.2809,1.2783
30/01/2019,1.292,1.2933,1.2907
29/01/2019,1.2815,1.2828,1.2802
25/01/2019,1.2869,1.2882,1.2856
24/01/2019,1.2864,1.2877,1.2851
23/01/2019,1.281,1.2823,1.2797
22/01/2019,1.2839,1.2852,1.2826
21/01/2019,1.2948,1.2961,1.2935
18/01/2019,1.2876,1.2889,1.2863
17/01/2019,1.2704,1.2717,1.2691
16/01/2019,1.2531,1.2544,1.2518
15/01/2019,1.2482,1.2494,1.247
14/01/2019,1.24,1.2412,1.2388
11/01/2019,1.2487,1.2499,1.2475
10/01/2019,1.2556,1.2569,1.2543
9/01/2019,1.2497,1.2509,1.2485
8/01/2019,1.246,1.2472,1.2448
7/01/2019,1.2324,1.2336,1.2312
4/01/2019,1.2306,1.2318,1.2294
3/01/2019,1.2144,1.2156,1.2132
2/01/2019,1.2383,1.2395,1.2371
31/12/2018,1.243,1.2442,1.2418
28/12/2018,1.2336,1.2348,1.2324
27/12/2018,1.2295,1.2307,1.2283
24/12/2018,1.1867,1.1879,1.1855
21/12/2018,1.195,1.1962,1.1938
20/12/2018,1.2062,1.2074,1.205
19/12/2018,1.2153,1.2165,1.2141
18/12/2018,1.2211,1.2223,1.2199
17/12/2018,1.2163,1.2175,1.2151
14/12/2018,1.2414,1.2426,1.2402
13/12/2018,1.2502,1.2515,1.2489
12/12/2018,1.2464,1.2476,1.2452
11/12/2018,1.239,1.2402,1.2378
10/12/2018,1.2381,1.2393,1.2369
7/12/2018,1.2388,1.24,1.2376
6/12/2018,1.2552,1.2565,1.2539
5/12/2018,1.2487,1.2499,1.2475
4/12/2018,1.2409,1.2421,1.2397
3/12/2018,1.269,1.2703,1.2677
30/11/2018,1.2649,1.2662,1.2636
29/11/2018,1.2541,1.2554,1.2528
28/11/2018,1.2703,1.2716,1.269
27/11/2018,1.2501,1.2514,1.2488
26/11/2018,1.2565,1.2578,1.2552
23/11/2018,1.2465,1.2477,1.2453
22/11/2018,1.2445,1.2457,1.2433
21/11/2018,1.2425,1.2437,1.2413
20/11/2018,1.233,1.2342,1.2318
19/11/2018,1.2424,1.2436,1.2412
16/11/2018,1.2615,1.2628,1.2602
15/11/2018,1.2692,1.2705,1.2679
14/11/2018,1.2659,1.2672,1.2646
13/11/2018,1.2733,1.2746,1.272
12/11/2018,1.2628,1.2641,1.2615
9/11/2018,1.2764,1.2777,1.2751
8/11/2018,1.2752,1.2765,1.2739
7/11/2018,1.275,1.2763,1.2737
6/11/2018,1.2635,1.2648,1.2622
5/11/2018,1.2619,1.2632,1.2606
2/11/2018,1.2613,1.2626,1.26
1/11/2018,1.2635,1.2648,1.2622
31/10/2018,1.2739,1.2752,1.2726
30/10/2018,1.2476,1.2488,1.2464
29/10/2018,1.2431,1.2443,1.2419
26/10/2018,1.2441,1.2453,1.2429
25/10/2018,1.2519,1.2532,1.2506
24/10/2018,1.2267,1.2279,1.2255
23/10/2018,1.2555,1.2568,1.2542
22/10/2018,1.2631,1.2644,1.2618
19/10/2018,1.253,1.2543,1.2517
18/10/2018,1.2584,1.2597,1.2571
17/10/2018,1.2788,1.2801,1.2775
16/10/2018,1.2855,1.2868,1.2842
15/10/2018,1.2565,1.2578,1.2552
12/10/2018,1.2644,1.2657,1.2631
11/10/2018,1.2526,1.2539,1.2513
10/10/2018,1.2703,1.2716,1.269
9/10/2018,1.3164,1.3177,1.3151
8/10/2018,1.3232,1.3245,1.3219
5/10/2018,1.3329,1.3342,1.3316
4/10/2018,1.3391,1.3404,1.3378
3/10/2018,1.3489,1.3502,1.3476
2/10/2018,1.3386,1.3399,1.3373
28/09/2018,1.3349,"13,362.00",1.3336
27/09/2018,1.3382,1.3395,1.3369
26/09/2018,1.3307,1.332,1.3294
25/09/2018,1.3318,1.3331,1.3305
24/09/2018,1.3286,1.3299,1.3273
21/09/2018,1.3287,1.33,1.3274
20/09/2018,1.3312,1.3325,1.3299
19/09/2018,1.3213,1.3226,1.32
18/09/2018,1.3313,1.3326,1.33
17/09/2018,1.3376,1.3389,1.3363
14/09/2018,1.3426,1.3439,1.3413
13/09/2018,1.3396,1.3409,1.3383
12/09/2018,1.3446,1.3459,1.3433
11/09/2018,1.3552,1.3566,1.3538
10/09/2018,1.3474,1.3487,1.3461
7/09/2018,1.332,1.3333,1.3307
6/09/2018,1.3246,1.3259,1.3233
5/09/2018,1.3288,1.3301,1.3375
4/09/2018,1.3347,1.336,1.3334
3/09/2018,1.3311,1.3324,1.3298
31/08/2018,1.3289,1.3302,1.3276
30/08/2018,1.3222,1.3235,1.3509
29/08/2018,1.3272,1.3285,1.3259
28/08/2018,1.3076,1.3089,1.3063
27/08/2018,1.3045,1.3058,1.3032
24/08/2018,1.2984,1.2997,1.2971
23/08/2018,1.3,1.3013,1.2987
22/08/2018,1.2861,1.2874,1.2848
21/08/2018,1.2858,1.2871,1.2845
20/08/2018,1.2941,1.2954,1.2928
17/08/2018,1.2965,1.2978,1.2952
16/08/2018,1.2938,1.2951,1.2925
15/08/2018,1.2923,1.2936,1.291
14/08/2018,1.2967,1.298,1.2954
13/08/2018,1.2845,1.2858,1.2832
10/08/2018,1.281,1.2823,1.2797
9/08/2018,1.2778,1.2791,1.2765
8/08/2018,1.275,1.2763,1.2737
7/08/2018,1.2732,1.2745,1.2719
6/08/2018,1.2732,1.2745,1.2719
3/08/2018,1.2693,1.2706,1.268
2/08/2018,1.2729,1.2742,1.2716
1/08/2018,1.2592,1.2605,1.2579
31/07/2018,1.2603,1.2616,1.259
30/07/2018,1.2593,1.2606,1.258
27/07/2018,1.2706,1.2719,1.2693
26/07/2018,1.2888,1.2901,1.2875
25/07/2018,1.2784,1.2797,1.2771
24/07/2018,1.2693,1.2706,1.268
23/07/2018,1.273,1.2743,1.2717
20/07/2018,1.2757,1.277,1.2744
19/07/2018,1.2877,1.289,1.2864
18/07/2018,1.2823,1.2836,1.281
17/07/2018,1.279,1.2803,1.2777
16/07/2018,1.2647,1.266,1.2634
13/07/2018,1.2725,1.2738,1.2712
12/07/2018,1.2717,1.273,1.2704
11/07/2018,1.254,1.2553,1.2527
10/07/2018,1.2517,1.253,1.2504
9/07/2018,1.2462,1.2474,1.245
6/07/2018,1.2422,1.2434,1.241
5/07/2018,1.2419,1.2431,1.2407
4/07/2018,1.2309,1.2321,1.2297
3/07/2018,1.2342,1.2354,1.233
2/07/2018,1.2444,1.2456,1.2432
30/06/2018,1.2324,1.2336,1.2312
29/06/2018,1.4488,1.4502,1.4474
28/06/2018,1.4532,1.4547,1.4517
27/06/2018,1.4379,1.4393,1.4365
26/06/2018,1.4441,1.4455,1.4427
25/06/2018,1.4471,1.4485,1.4457
22/06/2018,1.4639,1.4654,1.4624
21/06/2018,1.4672,1.4687,1.4657
20/06/2018,1.4756,1.4771,1.4741
19/06/2018,1.4765,1.478,1.475
18/06/2018,1.4773,1.4788,1.4758
15/06/2018,1.4731,1.4746,1.4716
14/06/2018,1.4542,1.4557,1.4527
13/06/2018,1.44,1.4414,1.4386
12/06/2018,1.4414,1.4428,1.44
8/06/2018,1.4448,1.4462,1.4434
7/06/2018,1.4335,1.4349,1.4321
6/06/2018,1.4369,1.4383,1.4355
5/06/2018,1.4358,1.4372,1.4344
4/06/2018,1.4211,1.4225,1.4197
1/06/2018,1.4262,1.4276,1.4248
31/05/2018,1.4115,1.4129,1.4101
30/05/2018,1.4153,1.4167,1.4139
29/05/2018,1.4115,1.4129,1.4101
28/05/2018,1.4233,1.4247,1.4219
25/05/2018,1.4225,1.4239,1.4211
24/05/2018,1.4214,1.4228,1.42
23/05/2018,1.4208,1.4222,1.4194
22/05/2018,1.4136,1.415,1.4122
21/05/2018,1.4289,1.4303,1.4275
18/05/2018,1.4237,1.4251,1.4223
17/05/2018,1.4211,1.4225,1.4197
16/05/2018,1.4123,1.4137,1.4109
15/05/2018,1.4185,1.4199,1.4171
14/05/2018,1.4093,1.4107,1.4079
11/05/2018,1.4114,1.4128,1.41
10/05/2018,1.4195,1.4209,1.4181
9/05/2018,1.4204,1.4218,1.419
8/05/2018,1.4135,1.4149,1.4121
7/05/2018,1.3967,1.3981,1.3953
4/05/2018,1.3911,1.3925,1.3897
3/05/2018,1.3814,1.3828,1.38
2/05/2018,1.3862,1.3876,1.3848
1/05/2018,1.3895,1.3909,1.3881
30/04/2018,1.3712,1.3726,1.3698
27/04/2018,1.3737,1.3751,1.3723
26/04/2018,1.375,1.3764,1.3736
24/04/2018,1.3675,1.3689,1.3661
23/04/2018,1.3856,1.387,1.3842
20/04/2018,1.3779,1.3793,1.3765
19/04/2018,1.3677,1.3691,1.3663
18/04/2018,1.3634,1.3648,1.362
17/04/2018,1.36,1.3614,1.3586
16/04/2018,1.3467,1.348,1.3454
13/04/2018,1.3351,1.3364,1.3338
12/04/2018,1.3382,1.3395,1.3369
11/04/2018,1.3339,1.3352,1.3326
10/04/2018,1.3475,1.3488,1.3462
9/04/2018,1.3357,1.337,1.3344
6/04/2018,1.3297,1.331,1.3284
5/04/2018,1.3488,1.3501,1.3475
4/04/2018,1.3324,1.3337,1.3311
3/04/2018,1.3301,1.3314,1.3288
29/03/2018,1.345,1.3463,1.3437
28/03/2018,1.3321,1.3334,1.3308
27/03/2018,1.3262,1.3275,1.3249
26/03/2018,1.3381,1.3394,1.3368
23/03/2018,1.3198,1.3211,1.3185
22/03/2018,1.3509,1.3523,1.3495
21/03/2018,1.3847,1.3861,1.3833
20/03/2018,1.3926,1.394,1.3912
19/03/2018,1.3852,1.3866,1.3838
16/03/2018,1.39,1.3914,1.3886
15/03/2018,1.3761,1.3775,1.3747
14/03/2018,1.3617,1.3631,1.3603
13/03/2018,1.3665,1.3679,1.3651
12/03/2018,1.3735,1.3749,1.3721
9/03/2018,1.3741,1.3755,1.3727
8/03/2018,1.3641,1.3655,1.3627
7/03/2018,1.3508,1.3522,1.3494
6/03/2018,1.3421,1.3434,1.3408
5/03/2018,1.348,1.3493,1.3467
2/03/2018,1.3376,1.3389,1.3363
1/03/2018,1.3351,1.3364,1.3338
28/02/2018,1.3487,1.35,1.3474
27/02/2018,1.3588,1.3602,1.3574
26/02/2018,1.3662,1.3676,1.3648
23/02/2018,1.356,1.3574,1.3546
22/02/2018,1.346,1.3473,1.3447
21/02/2018,1.3477,1.349,1.3464
20/02/2018,1.3363,1.3376,1.335
19/02/2018,1.333,1.3343,1.3317
16/02/2018,1.3359,1.3372,1.3346
15/02/2018,1.3348,1.3361,1.3335
14/02/2018,1.3246,1.3259,1.3233
13/02/2018,1.3121,1.3134,1.3108
12/02/2018,1.316,1.3173,1.3147
9/02/2018,1.3112,1.3125,1.3099
8/02/2018,1.3064,1.3077,1.3051
7/02/2018,1.3188,1.3201,1.3175
6/02/2018,1.3195,1.3208,1.3182
5/02/2018,1.3122,1.3135,1.3109
2/02/2018,1.3526,1.354,1.3512
1/02/2018,1.3605,1.3619,1.3591
31/01/2018,1.349,1.3503,1.3477
30/01/2018,1.3486,1.3499,1.3473
29/01/2018,1.3539,1.3553,1.3525
25/01/2018,1.3571,1.3585,1.3557
24/01/2018,1.3563,1.3577,1.3549
23/01/2018,1.3728,1.3742,1.3714
22/01/2018,1.3666,1.368,1.3652
19/01/2018,1.3697,1.3711,1.3683
18/01/2018,1.3599,1.3613,1.3585
17/01/2018,1.3617,1.3631,1.3603
16/01/2018,1.3557,1.3571,1.3543
15/01/2018,1.3599,1.3613,1.3585
12/01/2018,1.3728,1.3742,1.3714
11/01/2018,1.3635,1.3649,1.3621
10/01/2018,1.364,1.3654,1.3626
9/01/2018,1.375,1.3764,1.3736
8/01/2018,1.3724,1.3738,1.371
5/01/2018,1.3705,1.3719,1.3691
4/01/2018,1.3649,1.3663,1.3635
3/01/2018,1.3599,1.3613,1.3585
2/01/2018,1.3528,1.3542,1.3514
29/12/2017,1.3576,1.359,1.3562
28/12/2017,1.3581,1.3595,1.3567
27/12/2017,1.3596,1.361,1.3582
22/12/2017,1.3645,1.3659,1.3631
21/12/2017,1.3699,1.3713,1.3685
20/12/2017,1.3742,1.3756,1.3728
19/12/2017,1.376,1.3774,1.3746
18/12/2017,1.371,1.3724,1.3696
15/12/2017,1.3668,1.3682,1.3654
14/12/2017,1.3587,1.3601,1.3573
13/12/2017,1.3602,1.3616,1.3588
12/12/2017,1.3662,1.3676,1.3648
11/12/2017,1.3674,1.3688,1.366
8/12/2017,1.3753,1.3767,1.3739
7/12/2017,1.3699,1.3713,1.3685
6/12/2017,1.3591,1.3605,1.3577
5/12/2017,1.3537,1.3551,1.3523
4/12/2017,1.3595,1.3609,1.3581
1/12/2017,1.354,1.3554,1.3526
30/11/2017,1.3684,1.3698,1.367
29/11/2017,1.3621,1.3635,1.3607
28/11/2017,1.3639,1.3653,1.3625
27/11/2017,1.3496,1.3509,1.3483
24/11/2017,1.349,1.3503,1.3477
23/11/2017,1.3444,1.3457,1.3431
22/11/2017,1.3496,1.3509,1.3483
21/11/2017,1.3506,1.352,1.3492
20/11/2017,1.3587,1.3601,1.3573
17/11/2017,1.351,1.3524,1.3496
16/11/2017,1.3459,1.3472,1.3446
15/11/2017,1.3356,1.3369,1.3343
14/11/2017,1.339,1.3403,1.3377
13/11/2017,1.3344,1.3357,1.3331
10/11/2017,1.331,1.3323,1.3297
9/11/2017,1.3372,1.3385,1.3359
8/11/2017,1.3393,1.3406,1.338
7/11/2017,1.347,1.3483,1.3457
6/11/2017,1.3505,1.3519,1.3491
3/11/2017,1.3513,1.3527,1.3499
2/11/2017,1.3327,1.334,1.3314
1/11/2017,1.3411,1.3424,1.3398
31/10/2017,1.3524,1.3538,1.351
30/10/2017,1.3443,1.3456,1.343
27/10/2017,1.3507,1.3521,1.3493
26/10/2017,1.3411,1.3424,1.3398
25/10/2017,1.328,1.3293,1.3267
24/10/2017,1.3158,1.3171,1.3145
23/10/2017,1.3104,1.3117,1.3091
20/10/2017,1.3093,1.3106,1.308
19/10/2017,1.2959,1.2972,1.2946
18/10/2017,1.3041,1.3054,1.3028
17/10/2017,1.2994,1.3007,1.2981
16/10/2017,1.299,1.3003,1.2977
13/10/2017,1.2989,1.3002,1.2976
12/10/2017,1.311,1.3123,1.3097
11/10/2017,1.3114,1.3127,1.3101
10/10/2017,1.3127,1.314,1.3114
9/10/2017,1.3122,1.3135,1.3109
6/10/2017,1.3088,1.3101,1.3075
5/10/2017,1.3014,1.3027,1.3001
4/10/2017,1.2968,1.2981,1.2955
3/10/2017,1.293,1.2943,1.2917
29/09/2017,1.2809,1.2822,1.2796
28/09/2017,1.2829,1.2842,1.2816
27/09/2017,1.2707,1.272,1.2694
26/09/2017,1.2707,1.272,1.2694
25/09/2017,1.2644,1.2657,1.2631
22/09/2017,1.2595,1.2608,1.2582
21/09/2017,1.2576,1.2589,1.2563
20/09/2017,1.245,1.2462,1.2438
19/09/2017,1.2497,1.2509,1.2485
18/09/2017,1.2539,1.2552,1.2526
15/09/2017,1.2434,1.2446,1.2422
14/09/2017,1.2411,1.2423,1.2399
13/09/2017,1.2406,1.2418,1.2394
12/09/2017,1.2356,1.2368,1.2344
11/09/2017,1.2319,1.2331,1.2307
8/09/2017,1.2173,1.2185,1.2161
7/09/2017,1.218,1.2192,1.2168
6/09/2017,1.2187,1.2199,1.2175
5/09/2017,1.215,1.2162,1.2138
4/09/2017,1.2314,1.2326,1.2302
1/09/2017,1.23,1.2312,1.2288
31/08/2017,1.2384,1.2396,1.2372
30/08/2017,1.2328,1.234,1.2316
29/08/2017,1.2195,1.2207,1.2183
28/08/2017,1.2276,1.2288,1.2264
25/08/2017,1.2285,1.2297,1.2273
24/08/2017,1.2296,1.2308,1.2284
23/08/2017,1.2298,1.231,1.2286
22/08/2017,1.2391,1.2403,1.2379
21/08/2017,1.2397,1.2409,1.2385
18/08/2017,1.2406,1.2418,1.2394
17/08/2017,1.2516,1.2529,1.2503
16/08/2017,1.2677,1.269,1.2664
15/08/2017,1.2704,1.2717,1.2691
14/08/2017,1.2664,1.2677,1.2651
11/08/2017,1.2565,1.2578,1.2552
10/08/2017,1.2537,1.255,1.2524
9/08/2017,1.2718,1.2731,1.2705
8/08/2017,1.2667,1.268,1.2654
7/08/2017,1.2709,1.2722,1.2696
4/08/2017,1.2721,1.2734,1.2708
3/08/2017,1.2666,1.2679,1.2653
2/08/2017,1.2609,1.2622,1.2596
1/08/2017,1.2599,1.2612,1.2586
31/07/2017,1.2538,1.2551,1.2525
28/07/2017,1.2447,1.2459,1.2435
27/07/2017,1.255,1.2563,1.2537
26/07/2017,1.2582,1.2595,1.2569
25/07/2017,1.2563,1.2576,1.255
24/07/2017,1.2573,1.2586,1.256
21/07/2017,1.2684,1.2697,1.2671
20/07/2017,1.2646,1.2659,1.2633
19/07/2017,1.2647,1.266,1.2634
18/07/2017,1.2596,1.2609,1.2583
17/07/2017,1.2831,1.2844,1.2818
14/07/2017,1.2859,1.2872,1.2846
13/07/2017,1.2925,1.2938,1.2912
12/07/2017,1.2994,1.3007,1.2981
11/07/2017,1.2985,1.2998,1.2972
10/07/2017,1.3055,1.3068,1.3042
7/07/2017,1.3041,1.3054,1.3028
6/07/2017,1.3038,1.3051,1.3025
5/07/2017,1.3191,1.3204,1.3178
4/07/2017,1.3098,1.3111,1.3085
3/07/2017,1.305,1.3063,1.3037
30/06/17 EX,1.3027,1.304,1.3014
29/06/2017,1.336,1.3373,1.334
28/06/2017,1.3628,1.3642,1.3614
27/06/2017,1.3547,1.3561,1.3533
26/06/2017,1.3662,1.3676,1.3648
23/06/2017,1.3675,1.3689,1.3661
22/06/2017,1.3621,1.3635,1.3607
21/06/2017,1.3666,1.368,1.3652
20/06/2017,1.3632,1.3646,1.3618
19/06/2017,1.3704,1.3718,1.369
16/06/2017,1.3614,1.3628,1.36
15/06/2017,1.3612,1.3626,1.3598
14/06/2017,1.3553,1.3567,1.3539
13/06/2017,1.3643,1.3657,1.3629
9/06/2017,1.363,1.3644,1.3616
8/06/2017,1.3646,1.366,1.3632
7/06/2017,1.3639,1.3653,1.3625
6/06/2017,1.3702,1.3716,1.3688
5/06/2017,1.3828,1.3842,1.3814
2/06/2017,1.3941,1.3955,1.3927
1/06/2017,1.4015,1.4029,1.4001
31/05/2017,1.3798,1.3812,1.3784
30/05/2017,1.3708,1.3722,1.3694
29/05/2017,1.3727,1.3741,1.3713
26/05/2017,1.3704,1.3718,1.369
25/05/2017,1.3707,1.3721,1.3693
24/05/2017,1.3666,1.368,1.3652
23/05/2017,1.3577,1.3591,1.3563
22/05/2017,1.3645,1.3659,1.3631
19/05/2017,1.3654,1.3668,1.364
18/05/2017,1.3577,1.3591,1.3563
17/05/2017,1.3649,1.3663,1.3635
16/05/2017,1.3769,1.3783,1.3755
15/05/2017,1.3686,1.37,1.3672
12/05/2017,1.3731,1.3745,1.3717
11/05/2017,1.3763,1.3777,1.3749
10/05/2017,1.3761,1.3775,1.3747
9/05/2017,1.3862,1.3876,1.3848
8/05/2017,1.3764,1.3778,1.375
5/05/2017,1.376,1.3774,1.3746
4/05/2017,1.3708,1.3722,1.3694
3/05/2017,1.3536,1.355,1.3522
2/05/2017,1.344,1.3453,1.3427
1/05/2017,1.3397,1.341,1.3384
28/04/2017,1.3488,1.3501,1.3475
27/04/2017,1.357,1.3584,1.3556
26/04/2017,1.3477,1.349,1.3464
24/04/2017,1.3212,1.3225,1.3199
21/04/2017,1.307,1.3083,1.3057
20/04/2017,1.3062,1.3075,1.3049
19/04/2017,1.3047,1.306,1.3034
18/04/2017,1.3011,1.3024,1.2998
13/04/2017,1.2903,1.2916,1.289
12/04/2017,1.311,1.3123,1.3097
11/04/2017,1.3144,1.3157,1.3131
10/04/2017,1.3049,1.3062,1.3036
7/04/2017,1.3043,1.3056,1.303
6/04/2017,1.2955,1.2968,1.2942
5/04/2017,1.288,1.2893,1.2867
4/04/2017,1.2941,1.2954,1.2928
3/04/2017,1.2847,1.286,1.2834
31/03/2017,1.2854,1.2867,1.2841
30/03/2017,1.2783,1.2796,1.277
29/03/2017,1.2761,1.2774,1.2748
28/03/2017,1.2855,1.2868,1.2842
27/03/2017,1.2857,1.287,1.2844
24/03/2017,1.2852,1.2865,1.2839
23/03/2017,1.2815,1.2828,1.2802
22/03/2017,1.2763,1.2776,1.275
21/03/2017,1.2706,1.2719,1.2693
20/03/2017,1.2705,1.2718,1.2692
17/03/2017,1.2799,1.2812,1.2786
16/03/2017,1.2766,1.2779,1.2753
15/03/2017,1.2853,1.2866,1.284
14/03/2017,1.2795,1.2808,1.2782
13/03/2017,1.2822,1.2835,1.2809
10/03/2017,1.2849,1.2862,1.2836
9/03/2017,1.2856,1.2869,1.2843
8/03/2017,1.2787,1.28,1.2774
7/03/2017,1.2693,1.2706,1.268
6/03/2017,1.2735,1.2748,1.2722
3/03/2017,1.2796,1.2809,1.2783
2/03/2017,1.2801,1.2814,1.2788
1/03/2017,1.2679,1.2692,1.2666
28/02/2017,1.2508,1.2521,1.2495
27/02/2017,1.2529,1.2542,1.2516
24/02/2017,1.2515,1.2528,1.2502
23/02/2017,1.243,1.2442,1.2418
22/02/2017,1.2468,1.248,1.2456
21/02/2017,1.2482,1.2494,1.247
20/02/2017,1.2502,1.2515,1.2489
17/02/2017,1.2533,1.2546,1.252
16/02/2017,1.2428,1.244,1.2416
15/02/2017,1.2389,1.2401,1.2377
14/02/2017,1.2416,1.2428,1.2404
13/02/2017,1.2454,1.2466,1.2442
10/02/2017,1.2353,1.2365,1.2341
9/02/2017,1.2412,1.2424,1.24
8/02/2017,1.2378,1.239,1.2366
7/02/2017,1.2277,1.2289,1.2265
6/02/2017,1.2223,1.2235,1.2211
3/02/2017,1.2199,1.2211,1.2187
2/02/2017,1.2165,1.2177,1.2153
1/02/2017,1.231,1.2322,1.2298
31/01/2017,1.2267,1.2279,1.2255
30/01/2017,1.2348,1.236,1.2336
27/01/2017,1.2415,1.2427,1.2403
25/01/2017,1.2436,1.2448,1.2424
24/01/2017,1.2274,1.2286,1.2262
23/01/2017,1.2206,1.2218,1.2194
20/01/2017,1.2209,1.2221,1.2197
19/01/2017,1.2189,1.2201,1.2177
18/01/2017,1.2242,1.2254,1.223
17/01/2017,1.227,1.2282,1.2258
16/01/2017,1.2413,1.2425,1.2401
13/01/2017,1.2412,1.2424,1.24
12/01/2017,1.2381,1.2391,1.2369
11/01/2017,1.2517,1.253,1.2504
10/01/2017,1.2508,1.2521,1.2495
9/01/2017,1.254,1.2553,1.2527
6/01/2017,1.2671,1.2684,1.2658
5/01/2017,1.2635,1.2648,1.2622
4/01/2017,1.2761,1.2774,1.2748
3/01/2017,1.28,1.2813,1.2787
30/12/2016,1.2843,1.2856,1.283
29/12/2016,1.2831,1.2844,1.2818
28/12/2016,1.2852,1.2865,1.2839
23/12/2016,1.2897,1.291,1.2884
22/12/2016,1.2806,1.2819,1.2793
21/12/2016,1.2728,1.2741,1.2715
20/12/2016,1.2777,1.279,1.2764
19/12/2016,1.2768,1.2781,1.2755
16/12/2016,1.2663,1.2676,1.265
15/12/2016,1.2572,1.2585,1.2559
14/12/2016,1.2337,1.2349,1.2325
13/12/2016,1.2391,1.2403,1.2379
12/12/2016,1.2286,1.2298,1.2274
9/12/2016,1.2365,1.2377,1.2353
8/12/2016,1.2259,1.2271,1.2247
7/12/2016,1.218,1.2192,1.2168
6/12/2016,1.2137,1.2149,1.2125
5/12/2016,1.2116,1.2128,1.2104
2/12/2016,1.212,1.2132,1.2108
1/12/2016,1.2197,1.2209,1.2185
30/11/2016,1.2262,1.2274,1.225
29/11/2016,1.2198,1.221,1.2186
28/11/2016,1.2116,1.2128,1.2104
25/11/2016,1.2259,1.2271,1.2247
24/11/2016,1.2198,1.221,1.2186
23/11/2016,1.2167,1.2179,1.2155
22/11/2016,1.214,1.2152,1.2128
21/11/2016,1.2184,1.2196,1.2172
18/11/2016,1.2106,1.2118,1.2094
17/11/2016,1.1973,1.1985,1.1961
16/11/2016,1.1919,1.1931,1.1907
15/11/2016,1.1724,1.1736,1.1712
14/11/2016,1.1694,1.1706,1.1682
11/11/2016,1.1774,1.1786,1.1762
10/11/2016,1.1724,1.1736,1.1712
9/11/2016,1.1687,1.1699,1.1675
8/11/2016,1.1643,1.1655,1.1631
7/11/2016,1.1632,1.1644,1.162
4/11/2016,1.1561,1.1573,1.1549
3/11/2016,1.1552,1.1564,1.154
2/11/2016,1.1637,1.1649,1.1625
1/11/2016,1.1639,1.1651,1.1627
31/10/2016,1.18,1.1812,1.1788
28/10/2016,1.1831,1.1843,1.1819
27/10/2016,1.183,1.1842,1.1818
26/10/2016,1.1724,1.1736,1.1712
25/10/2016,1.1762,1.1774,1.175
24/10/2016,1.188,1.1892,1.1868
21/10/2016,1.19,1.1912,1.1888
20/10/2016,1.1926,1.1938,1.1914
19/10/2016,1.2115,1.2127,1.2103
18/10/2016,1.2084,1.2096,1.2072
17/10/2016,1.2131,1.2143,1.2119
14/10/2016,1.2197,1.2209,1.2185
13/10/2016,1.2266,1.2278,1.2254
12/10/2016,1.2242,1.2254,1.223
11/10/2016,1.232,1.2332,1.2308
10/10/2016,1.2353,1.2365,1.2341
7/10/2016,1.2408,1.242,1.2396
6/10/2016,1.2593,1.2606,1.258
5/10/2016,1.2562,1.2575,1.2549
4/10/2016,1.2599,1.2612,1.2586
30/09/2016,1.2637,1.265,1.2624
29/09/2016,1.2587,1.26,1.2574
28/09/2016,1.2607,1.262,1.2594
27/09/2016,1.2515,1.2528,1.2502
26/09/2016,1.2487,1.2499,1.2475
23/09/2016,1.2571,1.2584,1.2558
22/09/2016,1.2679,1.2692,1.2666
21/09/2016,1.2615,1.2628,1.2602
20/09/2016,1.2618,1.2631,1.2605
19/09/2016,1.2594,1.2607,1.2581
16/09/2016,1.262,1.2633,1.2607
15/09/2016,1.2701,1.2714,1.2688
14/09/2016,1.2618,1.2631,1.2605
13/09/2016,1.2567,1.258,1.2554
12/09/2016,1.2666,1.2679,1.2653
9/09/2016,1.2513,1.2526,1.25
8/09/2016,1.26,1.2613,1.2587
7/09/2016,1.2721,1.2734,1.2708
6/09/2016,1.2731,1.2744,1.2718
5/09/2016,1.2878,1.2891,1.2865
2/09/2016,1.2954,1.2967,1.2941
1/09/2016,1.2775,1.2788,1.2762
31/08/2016,1.2768,1.2781,1.2755
30/08/2016,1.2842,1.2855,1.2829
29/08/2016,1.2757,1.277,1.2744
26/08/2016,1.2637,1.265,1.2624
25/08/2016,1.2678,1.2691,1.2665
24/08/2016,1.2705,1.2718,1.2692
23/08/2016,1.2716,1.2729,1.2703
22/08/2016,1.2582,1.2595,1.2569
19/08/2016,1.2623,1.2636,1.261
18/08/2016,1.2554,1.2567,1.2541
17/08/2016,1.25,1.2513,1.2487
16/08/2016,1.2439,1.2451,1.2427
15/08/2016,1.2506,1.2519,1.2493
12/08/2016,1.2455,1.2467,1.2443
11/08/2016,1.2434,1.2446,1.2422
10/08/2016,1.2304,1.2316,1.2292
9/08/2016,1.233,1.2342,1.2318
8/08/2016,1.2296,1.2308,1.2284
5/08/2016,1.2425,1.2437,1.2413
4/08/2016,1.2337,1.2349,1.2325
3/08/2016,1.2363,1.2375,1.2351
2/08/2016,1.238,1.2392,1.2368
1/08/2016,1.2475,1.2487,1.2463
29/07/2016,1.2414,1.2426,1.2402
28/07/2016,1.2485,1.2497,1.2473
27/07/2016,1.2551,1.2564,1.2538
26/07/2016,1.2484,1.2496,1.2472
25/07/2016,1.2546,1.2559,1.2533
22/07/2016,1.2554,1.2567,1.2541
21/07/2016,1.2435,1.2447,1.2423
20/07/2016,1.2536,1.2549,1.2523
19/07/2016,1.2419,1.2431,1.2407
18/07/2016,1.2311,1.2323,1.2299
15/07/2016,1.2326,1.2338,1.2314
14/07/2016,1.227,1.2282,1.2258
13/07/2016,1.2287,1.2299,1.2275
12/07/2016,1.2254,1.2266,1.2242
11/07/2016,1.2327,1.2339,1.2315
8/07/2016,1.2188,1.22,1.2176
7/07/2016,1.2135,1.2147,1.2123
6/07/2016,1.2064,1.2076,1.2052
5/07/2016,1.215,1.2162,1.2138
4/07/2016,1.2144,1.2156,1.2132
1/07/2016,1.2256,1.2268,1.2244
30/06/2016,1.2241 EX,1.2253 EX,1.2229 EX
29/06/2016,1.2166,1.2178,1.2154
28/06/2016,1.197,1.1982,1.1958
27/06/2016,1.1742,1.1754,1.173
24/06/2016,1.1891,1.1903,1.1879
23/06/2016,1.2366,1.2378,1.2354
22/06/2016,1.2315,1.2327,1.2303
21/06/2016,1.2353,1.2365,1.2341
20/06/2016,1.2332,1.2344,1.232
17/06/2016,1.2152,1.2164,1.214
16/06/2016,1.2148,1.216,1.2136
15/06/2016,1.2056,1.2068,1.2044
14/06/2016,1.2093,1.2105,1.2081
10/06/2016,1.2322,1.2334,1.231
9/06/2016,1.2448,1.246,1.2436
8/06/2016,1.2511,1.2524,1.2498
7/06/2016,1.2493,1.2505,1.2481
6/06/2016,1.2544,1.2557,1.2531
3/06/2016,1.2555,1.2568,1.2542
2/06/2016,1.2674,1.2687,1.2661
1/06/2016,1.2621,1.2634,1.2608
31/05/2016,1.2637,1.265,1.2624
30/05/2016,1.2752,1.2765,1.2739
27/05/2016,1.2735,1.2748,1.2722
26/05/2016,1.2679,1.2692,1.2666
25/05/2016,1.2724,1.2737,1.2711
24/05/2016,1.2734,1.2747,1.2721
23/05/2016,1.2402,1.2414,1.239
20/05/2016,1.2355,1.2367,1.2343
19/05/2016,1.2355,1.2367,1.2343
18/05/2016,1.2363,1.2375,1.2351
17/05/2016,1.222,1.2232,1.2208
16/05/2016,1.2325,1.2337,1.2313
13/05/2016,1.2297,1.2309,1.2285
12/05/2016,1.2269,1.2281,1.2257
11/05/2016,1.2166,1.2178,1.2154
10/05/2016,1.2196,1.2208,1.2184
9/05/2016,1.2196,1.2208,1.2184
6/05/2016,1.2139,1.2151,1.2127
5/05/2016,1.1897,1.1909,1.1885
4/05/2016,1.1889,1.1901,1.1877
3/05/2016,1.1893,1.1905,1.1881
2/05/2016,1.177,1.1782,1.1758
29/04/2016,1.1704,1.1716,1.1692
28/04/2016,1.1781,1.1793,1.1769
27/04/2016,1.1908,1.192,1.1896
26/04/2016,1.1624,1.1636,1.1612
22/04/2016,1.1595,1.1607,1.1583
21/04/2016,1.1582,1.1594,1.157
20/04/2016,1.1593,1.1605,1.1581
19/04/2016,1.1666,1.1678,1.1654
18/04/2016,1.1629,1.1641,1.1617
15/04/2016,1.163,1.1642,1.1618
14/04/2016,1.1623,1.1635,1.1611
13/04/2016,1.171,1.1722,1.1698
12/04/2016,1.1654,1.1666,1.1642
9/04/2016,1.1657,1.1669,1.1645
8/04/2016,1.1695,1.1707,1.1683
7/04/2016,1.1729,1.1741,1.1717
6/04/2016,1.1733,1.1745,1.1721
5/04/2016,1.1685,1.1697,1.1673
4/04/2016,1.1679,1.1691,1.1667
1/04/2016,1.1619,1.1631,1.1607
31/03/2016,1.1571,1.1583,1.1559
30/03/2016,1.1622,1.1634,1.161
29/03/2016,1.163,1.1642,1.1618
24/03/2016,1.1588,1.16,1.1576
23/03/2016,1.1556,1.1568,1.1544
22/03/2016,1.1442,1.1453,1.1431
21/03/2016,1.1513,1.1525,1.1501
18/03/2016,1.1506,1.1518,1.1494
17/03/2016,1.1477,1.1488,1.1466
16/03/2016,1.1544,1.1556,1.1532
15/03/2016,1.1469,1.148,1.1458
14/03/2016,1.1446,1.1457,1.1435
11/03/2016,1.1402,1.1413,1.1391
10/03/2016,1.1358,1.1369,1.1347
9/03/2016,1.1301,1.1312,1.129
8/03/2016,1.1368,1.1379,1.1357
7/03/2016,1.1425,1.1436,1.1414
4/03/2016,1.15,1.1512,1.1488
3/03/2016,1.1448,1.1459,1.1437
2/03/2016,1.1619,1.1631,1.1607
1/03/2016,1.1867,1.1879,1.1855
29/02/2016,1.1674EX,1.1686EX,1.1662EX
26/02/2016,1.2029,1.2041,1.2017
25/02/2016,1.1961,1.1973,1.1949
24/02/2016,1.1854,1.1866,1.1842
23/02/2016,1.1861,1.1873,1.1849
22/02/2016,1.1951,1.1963,1.1939
19/02/2016,1.2118,1.213,1.2106
18/02/2016,1.2044,1.2056,1.2032
17/02/2016,1.202,1.2032,1.2008
16/02/2016,1.1985,1.1997,1.1973
15/02/2016,1.1798,1.181,1.1786
12/02/2016,1.1588,1.1599,1.1577
11/02/2016,1.159,1.1602,1.1578
10/02/2016,1.1772,1.1784,1.176
9/02/2016,1.1765,1.1777,1.1753
8/02/2016,1.1656,1.1668,1.1644
5/02/2016,1.1915,1.1927,1.1903
4/02/2016,1.1858,1.187,1.1846
3/02/2016,1.1867,1.1879,1.1855
2/02/2016,1.1874,1.1886,1.1862
1/02/2016,1.1957,1.1969,1.1945
29/01/2016,1.1944,1.1956,1.1932
28/01/2016,1.171,1.1722,1.1698
27/01/2016,1.1713,1.1725,1.1701
25/01/2016,1.157,1.1582,1.1558
22/01/2016,1.1556,1.1568,1.1544
21/01/2016,1.1388,1.1399,1.1377
20/01/2016,1.1511,1.1523,1.1499
19/01/2016,1.1581,1.1593,1.1569
18/01/2016,1.1592,1.1604,1.158
15/01/2016,1.1609,1.1621,1.1597
14/01/2016,1.1646,1.1658,1.1634
13/01/2016,1.1588,1.16,1.1576
12/01/2016,1.1679,1.1691,1.1667
11/01/2016,1.1546,1.1558,1.1534
8/01/2016,1.1629,1.1641,1.1617
7/01/2016,1.162,1.1632,1.1608
6/01/2016,1.1761,1.1773,1.1749
5/01/2016,1.1832,1.1844,1.182
4/01/2016,1.1791,1.1803,1.1779
31/12/2015,1.1888,1.19,1.1876
30/12/2015,1.1983,1.1995,1.1971
29/12/2015,1.2021,1.2033,1.2009
24/12/2015,1.1973,1.1985,1.1961
23/12/2015,1.2028,1.204,1.2016
22/12/2015,1.1837,1.1849,1.1825
21/12/2015,1.1842,1.1854,1.183
18/12/2015,1.1823,1.1835,1.1811
17/12/2015,1.2054,1.2066,1.2042
16/12/2015,1.2027,1.2039,1.2015
15/12/2015,1.1941,1.1953,1.1929
14/12/2015,1.1778,1.179,1.1766
11/12/2015,1.1863,1.1875,1.1851
10/12/2015,1.1921,1.1933,1.1909
9/12/2015,1.2065,1.2077,1.2053
8/12/2015,1.2085,1.2097,1.2073
7/12/2015,1.2167,1.2179,1.2155
4/12/2015,1.2014,1.2026,1.2002
3/12/2015,1.2013,1.2025,1.2001
2/12/2015,1.2082,1.2094,1.207
1/12/2015,1.2146,1.2158,1.2134
30/11/2015,1.2194,1.2206,1.2182
27/11/2015,1.224,1.2252,1.2228
26/11/2015,1.2181,1.2193,1.2169
25/11/2015,1.2129,1.2141,1.2117
24/11/2015,1.203,1.2042,1.2018
23/11/2015,1.2158,1.217,1.2146
20/11/2015,1.2126,1.2138,1.2114
19/11/2015,1.2178,1.219,1.2166
18/11/2015,1.2269,1.2281,1.2257
17/11/2015,1.2127,1.2139,1.2115
16/11/2015,1.215,1.2162,1.2138
13/11/2015,1.2001,1.2013,1.1989
12/11/2015,1.2113,1.2125,1.2101
11/11/2015,1.2385,1.2397,1.2373
10/11/2015,1.2335,1.2347,1.2323
9/11/2015,1.2226,1.2238,1.2214
6/11/2015,1.2383,1.2395,1.2371
5/11/2015,1.2252,1.2264,1.224
4/11/2015,1.2271,1.2283,1.2259
3/11/2015,1.2287,1.2299,1.2275
2/11/2015,1.2326,1.2338,1.2314
30/10/2015,1.2355,1.2367,1.2343
29/10/2015,1.2414,1.2426,1.2402
28/10/2015,1.2309,1.2321,1.2297
27/10/2015,1.2023,1.2035,1.2011
26/10/2015,1.2046,1.2058,1.2034
23/10/2015,1.2129,1.2141,1.2117
22/10/2015,1.2084,1.2096,1.2072
21/10/2015,1.1904,1.1916,1.1892
20/10/2015,1.1829,1.1841,1.1817
19/10/2015,1.1834,1.1846,1.1822
16/10/2015,1.1833,1.1845,1.1821
15/10/2015,1.1852,1.1864,1.184
14/10/2015,1.1852,1.1864,1.184
13/10/2015,1.1799,1.1811,1.1787
12/10/2015,1.1784,1.1796,1.1772
9/10/2015,1.1848,1.186,1.1836
8/10/2015,1.205,1.2062,1.2038
7/10/2015,1.1887,1.1899,1.1875
6/10/2015,1.1951,1.1963,1.1939
2/10/2015,1.1843,1.1855,1.1831
1/10/2015,1.1656,1.1668,1.1644
30/09/2015,1.1725,1.1737,1.1713
29/09/2015,1.151,1.1522,1.1498
28/09/2015,1.1533,1.1545,1.1521
25/09/2015,1.1645,1.1657,1.1633
24/09/2015,1.1564,1.1576,1.1552
23/09/2015,1.153,1.1542,1.151
22/09/2015,1.1486,1.1497,1.1475
21/09/2015,1.1586,1.1598,1.1574
18/09/2015,1.1468,1.1479,1.1457
17/09/2015,1.1716,1.1728,1.1704
16/09/2015,1.1662,1.1674,1.165
15/09/2015,1.1642,1.1654,1.163
14/09/2015,1.142,1.1431,1.1409
11/09/2015,1.1653,1.1665,1.1641
10/09/2015,1.1676,1.1688,1.1664
9/09/2015,1.1744,1.1756,1.1732
8/09/2015,1.1767,1.1779,1.1755
7/09/2015,1.1692,1.1704,1.168
4/09/2015,1.1627,1.1639,1.1615
3/09/2015,1.1671,1.1683,1.1659
2/09/2015,1.1638,1.165,1.1626
1/09/2015,1.1483,1.1494,1.1472
31/08/2015,1.166,1.1672,1.1648
28/08/2015,1.161,1.1622,1.1598
27/08/2015,1.1576,1.1588,1.1564
26/08/2015,1.1462,1.1473,1.1451
25/08/2015,1.1311,1.1322,1.13
24/08/2015,1.1259,1.127,1.1248
21/08/2015,1.1323,1.1334,1.1312
20/08/2015,1.1585,1.1597,1.1573
19/08/2015,1.1737,1.1749,1.1725
18/08/2015,1.184,1.1852,1.1828
17/08/2015,1.1779,1.1791,1.1767
14/08/2015,1.1778,1.179,1.1766
13/08/2015,1.1768,1.178,1.1756
12/08/2015,1.1713,1.1725,1.1701
11/08/2015,1.1876,1.1888,1.1864
10/08/2015,1.186,1.1872,1.1848
7/08/2015,1.1695,1.1707,1.1683
6/08/2015,1.1804,1.1816,1.1792
5/08/2015,1.1876,1.1888,1.1864
4/08/2015,1.1716,1.1728,1.1704
3/08/2015,1.1935,1.1947,1.1923
31/07/2015,1.1864,1.1876,1.1852
30/07/2015,1.1916,1.1928,1.1904
29/07/2015,1.1889,1.1901,1.1877
28/07/2015,1.1848,1.186,1.1836
27/07/2015,1.1734,1.1746,1.1722
24/07/2015,1.1866,1.1878,1.1854
23/07/2015,1.1804,1.1816,1.1792
22/07/2015,1.183,1.1842,1.1818
21/07/2015,1.1832,1.1844,1.182
20/07/2015,1.2034,1.2046,1.2022
17/07/2015,1.1999,1.2011,1.1987
16/07/2015,1.1972,1.1984,1.196
15/07/2015,1.1953,1.1965,1.1941
14/07/2015,1.1928,1.194,1.1916
13/07/2015,1.1973,1.1985,1.1961
10/07/2015,1.1852,1.1864,1.184
9/07/2015,1.1634,1.1646,1.1622
8/07/2015,1.1518,1.153,1.1506
7/07/2015,1.1594,1.1606,1.1582
6/07/2015,1.1475,1.1486,1.1464
3/07/2015,1.1546,1.1558,1.1534
2/07/2015,1.1456,1.1467,1.1371
1/07/2015,1.1382,1.1393,1.1371
30/06/2015,1.1267 EX,1.1278 EX,1.1256 EX
29/06/2015,1.2071,1.2083,1.2059
26/06/2015,1.232,1.2332,1.2308
25/06/2015,1.2197,1.2209,1.2185
24/06/2015,1.2303,1.2315,1.2291
23/06/2015,1.2306,1.2318,1.2294
22/06/2015,1.2305,1.2317,1.2293
19/06/2015,1.2173,1.2185,1.2161
18/06/2015,1.2101,1.2113,1.2089
17/06/2015,1.2202,1.2214,1.219
16/06/2015,1.2071,1.2083,1.2059
15/06/2015,1.1992,1.2004,1.198
12/06/2015,1.2147,1.2159,1.2135
11/06/2015,1.228,1.2292,1.2268
10/06/2015,1.222,1.2232,1.2208
9/06/2015,1.218,1.2192,1.2168
5/06/2015,1.2261,1.2273,1.2249
4/06/2015,1.23,1.2312,1.2288
3/06/2015,1.2227,1.2239,1.2215
2/06/2015,1.2241,1.2253,1.2229
1/06/2015,1.242,1.2432,1.2408
29/05/2015,1.2345,1.2357,1.2333
28/05/2015,1.2524,1.2537,1.2511
27/05/2015,1.2407,1.2419,1.2395
26/05/2015,1.2272,1.2284,1.226
25/05/2015,1.2275,1.2287,1.2263
22/05/2015,1.2296,1.2308,1.2284
21/05/2015,1.2304,1.2316,1.2292
20/05/2015,1.2275,1.2287,1.2263
19/05/2015,1.2252,1.2264,1.224
18/05/2015,1.21,1.2112,1.2088
15/05/2015,1.2031,1.2043,1.2019
14/05/2015,1.1965,1.1977,1.1953
13/05/2015,1.1805,1.1817,1.1793
12/05/2015,1.1987,1.1999,1.1975
11/05/2015,1.21,1.2112,1.2088
8/05/2015,1.2173,1.2185,1.2161
7/05/2015,1.1989,1.2001,1.1977
6/05/2015,1.1853,1.1865,1.1841
5/05/2015,1.1953,1.1965,1.1941
4/05/2015,1.2221,1.2233,1.2209
1/05/2015,1.2212,1.2224,1.22
30/04/2015,1.2047,1.2059,1.2035
29/04/2015,1.1854,1.1866,1.1842
28/04/2015,1.1928,1.194,1.1916
27/04/2015,1.2218,1.223,1.2206
24/04/2015,1.2221,1.2233,1.2209
23/04/2015,1.2295,1.2307,1.2283
22/04/2015,1.2313,1.2325,1.2301
22/04/2015,1.2313,1.2325,1.2301
21/04/2015,1.2348,1.236,1.2336
20/04/2015,1.2386,1.2398,1.2374
19/04/2015,1.2242,1.2254,1.223
18/04/2015,1.2242,1.2254,1.223
17/04/2015,1.2242,1.2254,1.223
16/04/2015,1.2364,1.2376,1.2352
15/04/2015,1.2614,1.2627,1.2601
14/04/2015,1.2579,1.2592,1.2566
13/04/2015,1.2643,1.2656,1.263
12/04/2015,1.2505,1.2518,1.2493
12/04/2015,1.2505,1.2518,1.2493
11/04/2015,1.2506,1.2519,1.2493
10/04/2015,1.2506,1.2519,1.2493
9/04/2015,1.2457,1.2469,1.2445
8/04/2015,1.2438,1.245,1.2426
7/04/2015,1.2507,1.252,1.2494
6/04/2015,1.2507,1.252,1.2494
5/04/2015,1.2529,1.2542,1.2516
4/04/2015,1.2529,1.2542,1.2516
3/04/2015,1.253,1.2543,1.2517
2/04/2015,1.253,1.2543,1.2517
1/04/2015,1.2395,1.2407,1.2383
31/03/2015,1.2419,1.2431,1.2407
30/03/2015,1.252,1.2533,1.2507
29/03/2015,1.2238,1.225,1.2226
28/03/2015,1.2238,1.225,1.2226
27/03/2015,1.2239,1.2251,1.2227
26/03/2015,1.2049,1.2061,1.2037
25/03/2015,1.2076,1.2088,1.2064
24/03/2015,1.2174,1.2186,1.2162
23/03/2015,1.2217,1.2229,1.2205
22/03/2015,1.2385,1.2397,1.2373
21/03/2015,1.2386,1.2398,1.2374
20/03/2015,1.2386,1.2398,1.2374
19/03/2015,1.2538,1.2551,1.2525
18/03/2015,1.2503,1.2516,1.2491
17/03/2015,1.2442,1.2454,1.243
16/03/2015,1.2416,1.2428,1.2404
15/03/2015,1.2315,1.2327,1.2303
14/03/2015,1.2315,1.2327,1.2303
13/03/2015,1.2316,1.2328,1.2304
12/03/2015,1.2255,1.2267,1.2243
11/03/2015,1.2351,1.2363,1.2339
10/03/2015,1.2256,1.2268,1.2244
9/03/2015,1.2335,1.2347,1.2323
8/03/2015,1.2296,1.2308,1.2284
7/03/2015,1.2296,1.2308,1.2284
6/03/2015,1.2297,1.2309,1.2285
5/03/2015,1.2375,1.2387,1.2363
4/03/2015,1.2269,1.2281,1.2257
3/03/2015,1.2305,1.2317,1.2293
2/03/2015,1.2438,1.245,1.2426
1/03/2015,1.232,1.2332,1.2308
28/02/2015,1.2321,1.2333,1.2309
27/02/2015,1.2321,1.2333,1.2309
26/02/2015,1.2369,1.2381,1.2357
25/02/2015,1.2308,1.232,1.2296
24/02/2015,1.2373,1.2385,1.2361
23/02/2015,1.2359,1.2371,1.2347
22/02/2015,1.2292,1.2304,1.228
21/02/2015,1.2292,1.2304,1.228
20/02/2015,1.2292,1.2304,1.228
19/02/2015,1.2311,1.2322,1.2299
18/02/2015,1.2251,1.2263,1.2239
17/02/2015,1.2191,1.2203,1.2179
16/02/2015,1.2225,1.2237,1.2213
15/02/2015,1.225,1.2262,1.2238
14/02/2015,1.225,1.2262,1.2238
13/02/2015,1.2251,1.2263,1.2239
12/02/2015,1.2326,1.2338,1.2314
11/02/2015,1.2322,1.2334,1.231
10/02/2015,1.2192,1.2204,1.218
9/02/2015,1.2032,1.2044,1.202
8/02/2015,1.2095,1.2107,1.2083
7/02/2015,1.2096,1.2108,1.2084
6/02/2015,1.2096,1.2108,1.2084
5/02/2015,1.2153,1.2165,1.2141
4/02/2015,1.2164,1.2176,1.2152
3/02/2015,1.2248,1.226,1.2236
2/02/2015,1.1924,1.1936,1.1912
1/02/2015,1.1882,1.1894,1.187
31/01/2015,1.1882,1.1894,1.187
30/01/2015,1.1882,1.1894,1.187
29/01/2015,1.1986,1.1998,1.1974
28/01/2015,1.1609,1.1621,1.1597
27/01/2015,1.1695,1.1707,1.1683
26/01/2015,1.1777,1.1789,1.1765
25/01/2015,1.1767,1.1779,1.1755
24/01/2015,1.1767,1.1779,1.1755
23/01/2015,1.1767,1.1779,1.1755
22/01/2015,1.1517,1.1529,1.1505
21/01/2015,1.1377,1.1388,1.1366
20/01/2015,1.1281,1.1292,1.127
19/01/2015,1.1179,1.119,1.1168
18/01/2015,1.1147,1.1158,1.1136
17/01/2015,1.1147,1.1158,1.1136
16/01/2015,1.1147,1.1158,1.1136
15/01/2015,1.1069,1.108,1.1058
14/01/2015,1.1179,1.119,1.1168
13/01/2015,1.1236,1.1247,1.1225
12/01/2015,1.1207,1.1218,1.1196
11/01/2015,1.1157,1.1168,1.1146
10/01/2015,1.1157,1.1168,1.1146
9/01/2015,1.1158,1.1169,1.1147
8/01/2015,1.1343,1.1354,1.1332
7/01/2015,1.1218,1.1229,1.1207
6/01/2015,1.108,1.1091,1.1069
5/01/2015,1.1241,1.1252,1.123
4/01/2015,1.1456,1.1467,1.1445
3/01/2015,1.1456,1.1467,1.1445
2/01/2015,1.1457,1.1468,1.1446
1/01/2015,1.1457,1.1468,1.1446
31/12/2014,1.1457,1.1468,1.1446
30/12/2014,1.1577,1.1589,1.1565
29/12/2014,1.1723,1.1735,1.1711
28/12/2014,1.1761,1.1773,1.1749
27/12/2014,1.1762,1.1774,1.175
26/12/2014,1.1762,1.1774,1.175
24/12/2014,1.1763,1.1775,1.1751
23/12/2014,1.1784,1.1796,1.1772
22/12/2014,1.1697,1.1709,1.1685
19/12/2014,1.1601,1.1613,1.1589
18/12/2014,1.155,1.1562,1.1538
17/12/2014,1.1303,1.1314,1.1292
16/12/2014,1.1158,1.1169,1.1147
15/12/2014,1.1096,1.1107,1.1085
14/12/2014,1.1141,1.1152,1.113
13/12/2014,1.1141,1.1152,1.113
12/12/2014,1.1142,1.1153,1.1131
11/12/2014,1.1306,1.1317,1.1295
10/12/2014,1.1228,1.1239,1.1217
9/12/2014,1.1266,1.1277,1.1255
8/12/2014,1.1366,1.1377,1.1355
7/12/2014,1.1414,1.1425,1.1403
6/12/2014,1.1415,1.1426,1.1404
5/12/2014,1.1415,1.1426,1.1404
4/12/2014,1.1285,1.1296,1.1274
3/12/2014,1.1255,1.1266,1.1244
2/12/2014,1.1173,1.1184,1.1162
1/12/2014,1.1082,1.1093,1.1071
30/11/2014,1.1065,1.1076,1.1054
29/11/2014,1.1065,1.1076,1.1054
28/11/2014,1.1066,1.1077,1.1055
27/11/2014,1.1067,1.1078,1.1056
26/11/2014,1.107,1.1081,1.1059
25/11/2014,1.1073,1.1084,1.1062
24/11/2014,1.0977,1.0988,1.0966
23/11/2014,1.0839,1.085,1.0828
22/11/2014,1.0839,1.085,1.0828
21/11/2014,1.084,1.0851,1.0829
20/11/2014,1.0874,1.0885,1.0863
19/11/2014,1.0845,1.0856,1.0834
18/11/2014,1.0707,1.0718,1.0696
17/11/2014,1.0665,1.0676,1.0654
16/11/2014,1.0638,1.0649,1.0627
15/11/2014,1.0639,1.065,1.0628
14/11/2014,1.0639,1.065,1.0628
13/11/2014,1.0614,1.0625,1.0603
12/11/2014,1.0616,1.0627,1.0605
11/11/2014,1.0714,1.0725,1.0703
10/11/2014,1.0719,1.073,1.0708
9/11/2014,1.0722,1.0733,1.0711
8/11/2014,1.0722,1.0733,1.0711
7/11/2014,1.0723,1.0734,1.0712
6/11/2014,1.0764,1.0775,1.0753
5/11/2014,1.0742,1.0753,1.0731
4/11/2014,1.0504,1.0515,1.0494
3/11/2014,1.0539,1.055,1.0528
31/10/2014,1.0466,1.0476,1.0456
30/10/2014,1.0297,1.0307,1.0287
29/10/2014,1.0176,1.0186,1.0166
28/10/2014,1.0239,1.0249,1.0229
27/10/2014,1.0183,1.0193,1.0173
26/10/2014,1.0185,1.0195,1.0175
25/10/2014,1.0185,1.0195,1.0175
24/10/2014,1.0185,1.0195,1.0175
23/10/2014,1.0183,1.0193,1.0173
22/10/2014,1.0031,1.0041,1.0021
21/10/2014,1.0086,1.0096,1.0076
20/10/2014,0.9924,0.9934,0.9914
19/10/2014,0.9924,0.9934,0.9914
18/10/2014,0.9924,0.9934,0.9914
17/10/2014,0.9925,0.9935,0.9915
16/10/2014,0.9766,0.9776,0.9756
15/10/2014,0.9732,0.9742,0.9722
14/10/2014,0.9864,0.9874,0.9854
13/10/2014,0.9793,0.9803,0.9783
12/10/2014,0.9931,0.9941,0.9921
11/10/2014,0.9931,0.9941,0.9921
10/10/2014,0.9932,0.9942,0.9922
9/10/2014,0.9944,0.9954,0.9934
8/10/2014,1.0157,1.0167,1.0147
7/10/2014,0.9977,0.9987,0.9967
6/10/2014,1.023,1.024,1.022
5/10/2014,1.0305,1.0315,1.0295
4/10/2014,1.0306,1.0316,1.0296
3/10/2014,1.0306,1.0316,1.0296
2/10/2014,1.0128,1.0138,1.0118
1/10/2014,1.0259,1.0269,1.0249
30/09/2014,1.0336,1.0346,1.0326
29/09/2014,1.0401,1.0411,1.0391
28/09/2014,1.034,1.035,1.033
27/09/2014,1.034,1.035,1.033
25/09/2014,1.0234,1.0244,1.0224
24/09/2014,1.0317,1.0327,1.0307
23/09/2014,1.031,1.032,1.03
22/09/2014,1.0379,1.0389,1.0369
21/09/2014,1.0365,1.0375,1.0355
20/09/2014,1.0366,1.0376,1.0356
19/09/2014,1.0366,1.0376,1.0356
18/09/2014,1.0319,1.0329,1.0309
17/09/2014,1.019,1.02,1.018
16/09/2014,1.0196,1.0206,1.0186
15/09/2014,1.0157,1.0167,1.0147
14/09/2014,1.0155,1.0165,1.0145
13/09/2014,1.0155,1.0165,1.0145
12/09/2014,1.0156,1.0166,1.0146
11/09/2014,1.009,1.01,1.008
10/09/2014,1.0042,1.0052,1.0032
9/09/2014,0.9966,0.9976,0.9956
8/09/2014,0.9912,0.9922,0.9902
7/09/2014,0.9899,0.9909,0.9889
6/09/2014,0.9899,0.9909,0.9889
5/09/2014,0.99,0.991,0.989
4/09/2014,0.9911,0.9921,0.9901
3/09/2014,0.9958,0.9968,0.9948
2/09/2014,1.0017,1.0027,1.0007
1/09/2014,0.9921,0.9931,0.9911
31/08/2014,0.9898,0.9908,0.9888
30/08/2014,0.9898,0.9908,0.9888
29/08/2014,0.9899,0.9909,0.9889
28/08/2014,0.9891,0.9901,0.9881
27/08/2014,0.9929,0.9939,0.9919
26/08/2014,0.9957,0.9967,0.9947
25/08/2014,0.9972,0.9982,0.9962
24/08/2014,0.9922,0.9932,0.9912
23/08/2014,0.9923,0.9933,0.9913
22/08/2014,0.9923,0.9933,0.9913
21/08/2014,0.9956,0.9966,0.9946
20/08/2014,0.993,0.994,0.992
19/08/2014,0.9912,0.9922,0.9902
18/08/2014,0.9881,0.9891,0.9871
17/08/2014,0.9814,0.9824,0.9804
16/08/2014,0.9814,0.9824,0.9804
15/08/2014,0.9814,0.9824,0.9804
14/08/2014,0.9811,0.9821,0.9801
13/08/2014,0.9784,0.9794,0.9774
12/08/2014,0.9778,0.9788,0.9768
11/08/2014,0.9784,0.9794,0.9774
10/08/2014,0.9728,0.9738,0.9718
9/08/2014,0.9728,0.9738,0.9718
8/08/2014,0.9729,0.9739,0.9719
7/08/2014,0.9674,0.9684,0.9664
6/08/2014,0.963,0.964,0.962
5/08/2014,0.9651,0.9661,0.9641
4/08/2014,0.9641,0.9651,0.9631
1/08/2014,0.965,0.966,0.964
31/07/2014,0.9717,0.9727,0.9707
30/07/2014,0.9863,0.9873,0.9853
29/07/2014,0.9849,0.9859,0.9839
28/07/2014,0.9882,0.9892,0.9872
27/07/2014,0.9895,0.9905,0.9885
26/07/2014,0.9895,0.9905,0.9885
26/07/2014,0.9895,0.9905,0.9885
25/07/2014,0.9895,0.9905,0.9885
24/07/2014,0.9914,0.9924,0.9904
23/07/2014,0.984,0.985,0.983
22/07/2014,0.9914,0.9924,0.9904
21/07/2014,0.9881,0.9891,0.9871
20/07/2014,0.9915,0.9925,0.9905
19/07/2014,0.9915,0.9925,0.9905
18/07/2014,0.9915,0.9925,0.9905
17/07/2014,0.9882,0.9892,0.9872
16/07/2014,0.9811,0.9821,0.9801
15/07/2014,0.9941,0.9951,0.9931
14/07/2014,0.9806,0.9816,0.9796
13/07/2014,0.979,0.98,0.978
12/07/2014,0.979,0.98,0.978
11/07/2014,0.979,0.98,0.978
10/07/2014,0.9793,0.9803,0.9783
9/07/2014,0.9847,0.9857,0.9837
8/07/2014,0.984,0.985,0.983
7/07/2014,0.9941,0.9951,0.9931
6/07/2014,1.002,1.003,1.001
5/07/2014,1.0021,1.0031,1.0011
4/07/2014,1.0021,1.0031,1.0011
3/07/2014,1.002,1.003,1.001
2/07/2014,0.9868,0.9878,0.9858
1/07/2014,0.9832,0.9842,0.9822
30/06/2014,0.9822,0.9832,0.9812
29/06/2014,0.9822,0.9832,0.9812
28/06/2014,0.9823,0.9833,0.9813
27/06/2014,0.9823,0.9833,0.9813
26/06/2014,0.9798,0.9808,0.9788
25/06/2014,0.981,0.982,0.98
,,,
24/06/2014,0.982,0.983,0.981
23/06/2014,0.9819,0.9829,0.9809
22/06/2014,0.9915,0.9925,0.9905
21/06/2014,0.9915,0.9925,0.9905
20/06/2014,0.9916,0.9926,0.9906
19/06/2014,0.9887,0.9897,0.9877
18/06/2014,0.9912,0.9922,0.9902
17/06/2014,0.9892,0.9902,0.9882
16/06/2014,0.9814,0.9824,0.9804
13/06/2014,0.9829,0.9839,0.9819
11/06/2014,0.9877,0.9887,0.9867
10/06/2014,1.0582,1.0593,1.0571
6/06/2014,0.9954,0.9964,0.9944
5/06/2014,0.9951,0.9961,0.9941
4/06/2014,0.9963,0.9973,0.9953
3/06/2014,0.998,0.999,0.997
2/06/2014,0.9976,0.9986,0.9966
30/05/2014,0.99,0.991,0.989
29/05/2014,0.991,0.992,0.99
28/05/2014,0.9938,0.9948,0.9928
27/05/2014,0.9923,0.9933,0.9913
26/05/2014,0.989,0.99,0.988
23/05/2014,0.9891,0.9901,0.9881
22/05/2014,0.989,0.99,0.988
21/05/2014,0.9875,0.9885,0.9865
20/05/2014,0.977,0.978,0.976
19/05/2014,0.9748,0.9758,0.9738
16/05/2014,0.9686,0.9696,0.9676
15/05/2014,0.9674,0.9684,0.9664
14/05/2014,0.9667,0.9677,0.9657
13/05/2014,0.9704,0.9714,0.9694
12/05/2014,0.9727,0.9737,0.9717
9/05/2014,0.9653,0.9663,0.9643
8/05/2014,0.9617,0.9627,0.9607
7/05/2014,0.964,0.965,0.963
6/05/2014,0.9569,0.9579,0.9559
5/05/2014,0.9675,0.9685,0.9665
2/05/2014,0.967,0.968,0.966
1/05/2014,0.9664,0.9674,0.9654
30/04/2014,0.9665,0.9675,0.9655
29/04/2014,0.9538,0.9548,0.9528
28/04/2014,0.9506,0.9516,0.9496
24/04/2014,0.9558,0.9568,0.9548
23/04/2014,0.952,0.953,0.951
22/04/2014,0.9466,0.9475,0.9457
17/04/2014,0.9475,0.9484,0.9466
16/04/2014,0.9421,0.943,0.9412
15/04/2014,0.9341,0.935,0.9332
14/04/2014,0.9265,0.9274,0.9256
11/04/2014,0.9216,0.9225,0.9207
10/04/2014,0.9306,0.9315,0.9297
9/04/2014,0.9461,0.947,0.9452
8/04/2014,0.9398,0.9407,0.9389
7/04/2014,0.9436,0.9445,0.9427
6/04/2014,0.9527,0.9537,0.9517
5/04/2014,0.9527,0.9537,0.9517
4/04/2014,0.9527,0.9537,0.9517
3/04/2014,0.9615,0.9625,0.9605
2/04/2014,0.9621,0.9631,0.9611
1/04/2014,0.959,0.96,0.958
31/03/2014,0.953,0.954,0.952
28/03/2014,0.9515,0.9525,0.9505
27/03/2014,0.9463,0.9472,0.9454
26/03/2014,0.9561,0.9571,0.9551
25/03/2014,0.9649,0.9659,0.9639
24/03/2014,0.9592,0.9602,0.9582
21/03/2014,0.9689,0.9699,0.9679
20/03/2014,0.9753,0.9763,0.9743
19/03/2014,0.974,0.975,0.973
18/03/2014,0.9788,0.9798,0.9778
17/03/2014,0.9819,0.9829,0.9809
14/03/2014,0.9795,0.9805,0.9785
13/03/2014,0.9819,0.9829,0.9809
12/03/2014,1.0005,1.0015,0.9995
11/03/2014,0.9993,1.0003,0.9983
10/03/2014,1.0028,1.0038,1.0018
9/03/2014,1.0013,1.0023,1.0003
8/03/2014,1.0014,1.0024,1.0004
7/03/2014,1.0014,1.0024,1.0004
6/03/2014,1.0017,1.0027,1.0007
5/03/2014,1.0081,1.0091,1.0071
4/03/2014,1.0126,1.0136,1.0116
3/03/2014,1.0007,1.0017,0.9997
2/03/2014,1.0129,1.0139,1.0119
1/03/2014,1.0129,1.0139,1.0119
28/02/2014,1.0129,1.0139,1.0119
27/02/2014,1.0058,1.0068,1.0048
26/02/2014,1.0009,1.0019,0.0009
25/02/2014,1.0018,1.0028,1.0008
