Date,Application Price,Net Asset Value,Redemption Price
22/09/2023,3.9606,3.9488,3.937
21/09/2023,4.0023,3.9903,3.9783
20/09/2023,4.0762,4.064,4.0518
19/09/2023,4.1513,4.1389,4.1265
18/09/2023,4.2001,4.1875,4.1749
15/09/2023,4.2169,4.2043,4.1917
14/09/2023,4.2698,4.257,4.2442
13/09/2023,4.2697,4.2569,4.2441
12/09/2023,4.2513,4.2386,4.2259
11/09/2023,4.3021,4.2892,4.2763
8/09/2023,4.2296,4.2169,4.2042
7/09/2023,4.251,4.2383,4.2256
6/09/2023,4.2535,4.2408,4.2281
5/09/2023,4.2735,4.2607,4.2479
4/09/2023,4.1809,4.1684,4.1559
1/09/2023,4.1826,4.1701,4.1576
31/08/2023,4.1773,4.1648,4.1523
30/08/2023,4.1564,4.144,4.1316
29/08/2023,4.1606,4.1482,4.1358
28/08/2023,4.0617,4.0496,4.0375
25/08/2023,4.0604,4.0483,4.0362
24/08/2023,3.9533,3.9415,3.9297
23/08/2023,4.0338,4.0217,4.0096
22/08/2023,3.9959,3.9839,3.9719
21/08/2023,4.0031,3.9911,3.9791
18/08/2023,3.9227,3.911,3.8993
17/08/2023,3.9305,3.9187,3.9069
16/08/2023,3.984,3.9721,3.9602
15/08/2023,4.0056,3.9936,3.9816
14/08/2023,4.0742,4.062,4.0498
11/08/2023,4.0275,4.0155,4.0035
10/08/2023,4.023,4.011,3.999
9/08/2023,4.0182,4.0062,3.9942
8/08/2023,4.078,4.0658,4.0536
7/08/2023,4.1032,4.0909,4.0786
4/08/2023,4.0676,4.0554,4.0432
3/08/2023,4.1193,4.107,4.0947
2/08/2023,4.1218,4.1095,4.0972
1/08/2023,4.2019,4.1893,4.1767
31/07/2023,4.1483,4.1359,4.1235
28/07/2023,4.1521,4.1397,4.1273
27/07/2023,3.9994,3.9874,3.9754
26/07/2023,4.038,4.0259,4.0138
25/07/2023,4.0289,4.0168,4.0047
24/07/2023,4.0739,4.0617,4.0495
21/07/2023,4.0926,4.0804,4.0682
20/07/2023,4.0677,4.0555,4.0433
19/07/2023,4.2368,4.2241,4.2114
18/07/2023,4.1838,4.1713,4.1588
17/07/2023,4.1582,4.1458,4.1334
14/07/2023,4.0841,4.0719,4.0597
13/07/2023,4.0391,4.027,4.0149
12/07/2023,4.0162,4.0042,3.9922
11/07/2023,4.0515,4.0394,4.0273
10/07/2023,4.0124,4.0004,3.9884
7/07/2023,3.9761,3.9642,3.9523
6/07/2023,4.0133,4.0013,3.9893
5/07/2023,4.0554,4.0433,4.0312
4/07/2023,4.0199,4.0079,3.9959
3/07/2023,4.0297,4.0176,4.0055
30/06/2023,4.0174,4.0054,3.9934
29/06/2023,3.9737,3.9618,3.9499
28/06/2023,3.9898,3.9779,3.966
27/06/2023,3.9024,3.8907,3.879
26/06/2023,3.8385,3.827,3.8155
23/06/2023,3.9086,3.8969,3.8852
22/06/2023,3.8994,3.8877,3.876
21/06/2023,3.8537,3.8422,3.8307
20/06/2023,3.9322,3.9204,3.9086
19/06/2023,3.8817,3.8701,3.8585
16/06/2023,3.8729,3.8613,3.8497
15/06/2023,3.8779,3.8663,3.8547
14/06/2023,3.8403,3.8288,3.8173
13/06/2023,3.8483,3.8368,3.8253
12/06/2023,3.83,3.8185,3.807
9/06/2023,3.7627,3.7514,3.7401
8/06/2023,3.7563,3.7451,3.7339
7/06/2023,3.7321,3.7209,3.7097
6/06/2023,3.8302,3.8187,3.8072
5/06/2023,3.8321,3.8206,3.8091
2/06/2023,3.8068,3.7954,3.784
1/06/2023,3.7935,3.7822,3.7709
31/05/2023,3.7999,3.7885,3.7771
30/05/2023,3.7694,3.7581,3.7468
29/05/2023,3.7332,3.722,3.7108
26/05/2023,3.7691,3.7578,3.7465
25/05/2023,3.6444,3.6335,3.6226
24/05/2023,3.5872,3.5765,3.5658
23/05/2023,3.5576,3.547,3.5364
22/05/2023,3.6022,3.5914,3.5806
19/05/2023,3.5587,3.5481,3.5375
18/05/2023,3.5935,3.5828,3.5721
17/05/2023,3.4925,3.4821,3.4717
16/05/2023,3.4041,3.3939,3.3837
15/05/2023,3.3819,3.3718,3.3617
12/05/2023,3.3799,3.3698,3.3597
11/05/2023,3.3876,3.3775,3.3674
10/05/2023,3.3483,3.3383,3.3283
9/05/2023,3.3275,3.3175,3.3075
8/05/2023,3.305,3.2951,3.2852
5/05/2023,3.3102,3.3003,3.2904
4/05/2023,3.2937,3.2838,3.2739
3/05/2023,3.2992,3.2893,3.2794
2/05/2023,3.3041,3.2942,3.2843
1/05/2023,3.3429,3.3329,3.3229
28/04/2023,3.3853,3.3752,3.3651
27/04/2023,3.3644,3.3543,3.3442
26/04/2023,3.3018,3.2919,3.282
25/04/2023,3.2724,3.2626,3.2528
24/04/2023,3.3273,3.3173,3.3073
21/04/2023,3.348,3.338,3.328
20/04/2023,3.2856,3.2758,3.266
19/04/2023,3.3578,3.3478,3.3378
18/04/2023,3.3546,3.3446,3.3346
17/04/2023,3.3737,3.3636,3.3535
14/04/2023,3.3519,3.3419,3.3319
13/04/2023,3.3475,3.3375,3.3275
12/04/2023,3.2955,3.2856,3.2757
11/04/2023,3.3536,3.3436,3.3336
10/04/2023,3.3777,3.3676,3.3575
6/04/2023,3.3644,3.3543,3.3442
5/04/2023,3.3309,3.3209,3.3109
4/04/2023,3.3722,3.3621,3.352
3/04/2023,3.3449,3.3349,3.3249
31/03/2023,3.4231,3.4129,3.4027
30/03/2023,3.3303,3.3203,3.3103
29/03/2023,3.3079,3.298,3.2881
28/03/2023,3.2258,3.2162,3.2066
27/03/2023,3.2753,3.2655,3.2557
24/03/2023,3.2698,3.26,3.2502
23/03/2023,3.254,3.2443,3.2346
22/03/2023,3.2576,3.2479,3.2382
21/03/2023,3.3388,3.3288,3.3188
20/03/2023,3.2215,3.2119,3.2023
17/03/2023,3.237,3.2273,3.2176
16/03/2023,3.2816,3.2718,3.262
15/03/2023,3.2,3.1904,3.1808
14/03/2023,3.1848,3.1753,3.1658
13/03/2023,3.084,3.0748,3.0656
10/03/2023,3.0952,3.0859,3.0766
9/03/2023,3.1548,3.1454,3.136
8/03/2023,3.2405,3.2308,3.2211
7/03/2023,3.2557,3.246,3.2363
6/03/2023,3.2307,3.221,3.2113
3/03/2023,3.2246,3.215,3.2054
2/03/2023,3.1591,3.1497,3.1403
1/03/2023,3.1246,3.1153,3.106
28/02/2023,3.1591,3.1497,3.1403
27/02/2023,3.1651,3.1556,3.1461
24/02/2023,3.1402,3.1308,3.1214
23/02/2023,3.1564,3.147,3.1376
22/02/2023,3.1401,3.1307,3.1213
21/02/2023,3.0879,3.0787,3.0695
20/02/2023,3.1615,3.152,3.1425
17/02/2023,3.1922,3.1827,3.1732
16/02/2023,3.2209,3.2113,3.2017
15/02/2023,3.2963,3.2864,3.2765
14/02/2023,3.1941,3.1845,3.1749
13/02/2023,3.1407,3.1313,3.1219
10/02/2023,3.118,3.1087,3.0994
9/02/2023,3.1482,3.1388,3.1294
8/02/2023,3.1824,3.1729,3.1634
7/02/2023,3.2239,3.2143,3.2047
6/02/2023,3.2031,3.1935,3.1839
3/02/2023,3.1835,3.174,3.1645
2/02/2023,3.2087,3.1991,3.1895
1/02/2023,3.0907,3.0815,3.0723
31/01/2023,3.0271,3.018,3.0089
30/01/2023,2.9378,2.929,2.9202
27/01/2023,3.0104,3.0014,2.9924
26/01/2023,2.9378,2.929,2.9202
25/01/2023,2.8469,2.8384,2.8299
24/01/2023,2.8518,2.8433,2.8348
23/01/2023,2.8741,2.8655,2.8569
20/01/2023,2.8387,2.8302,2.8217
19/01/2023,2.764,2.7557,2.7474
18/01/2023,2.7334,2.7252,2.717
17/01/2023,2.7759,2.7676,2.7593
16/01/2023,2.7578,2.7496,2.7414
13/01/2023,2.7586,2.7503,2.742
12/01/2023,2.7507,2.7425,2.7343
11/01/2023,2.7328,2.7246,2.7164
10/01/2023,2.6659,2.6579,2.6499
9/01/2023,2.6237,2.6159,2.6081
6/01/2023,2.6119,2.6041,2.5963
5/01/2023,2.5861,2.5784,2.5707
4/01/2023,2.6188,2.611,2.6032
3/01/2023,2.6252,2.6173,2.6094
30/12/2022,2.6319,2.624,2.6161
29/12/2022,2.6438,2.6359,2.628
28/12/2022,2.5542,2.5466,2.539
27/12/2022,2.5761,2.5684,2.5607
23/12/2022,2.644,2.6361,2.6282
22/12/2022,2.6496,2.6417,2.6338
21/12/2022,2.7189,2.7108,2.7027
20/12/2022,2.7113,2.7032,2.6951
19/12/2022,2.7086,2.7005,2.6924
16/12/2022,2.7731,2.7648,2.7565
15/12/2022,2.801,2.7926,2.7842
14/12/2022,2.847,2.8385,2.83
13/12/2022,2.8535,2.845,2.8365
12/12/2022,2.8678,2.8592,2.8506
9/12/2022,2.823,2.8146,2.8062
8/12/2022,2.832,2.8235,2.815
7/12/2022,2.8066,2.7982,2.7898
6/12/2022,2.8321,2.8236,2.8151
5/12/2022,2.8713,2.8627,2.8541
2/12/2022,2.9658,2.9569,2.948
1/12/2022,2.9731,2.9642,2.9553
30/11/2022,3.0171,3.0081,2.9991
29/11/2022,2.8394,2.8309,2.8224
28/11/2022,2.8724,2.8638,2.8552
25/11/2022,2.8814,2.8728,2.8642
24/11/2022,2.8785,2.8699,2.8613
23/11/2022,2.8979,2.8892,2.8805
22/11/2022,2.869,2.8604,2.8518
21/11/2022,2.8456,2.8371,2.8286
18/11/2022,2.8767,2.8681,2.8595
17/11/2022,2.9159,2.9072,2.8985
16/11/2022,2.9281,2.9193,2.9105
15/11/2022,2.9786,2.9697,2.9608
14/11/2022,2.9434,2.9346,2.9258
11/11/2022,3.004,2.995,2.986
10/11/2022,2.9624,2.9535,2.9446
9/11/2022,2.7719,2.7636,2.7553
8/11/2022,2.8338,2.8253,2.8168
7/11/2022,2.8442,2.8357,2.8272
4/11/2022,2.8466,2.8381,2.8296
3/11/2022,2.897,2.8883,2.8796
2/11/2022,2.9092,2.9005,2.8918
1/11/2022,3.0695,3.0603,3.0511
31/10/2022,3.1097,3.1004,3.0911
28/10/2022,3.1409,3.1315,3.1221
27/10/2022,3.0758,3.0666,3.0574
26/10/2022,3.0736,3.0644,3.0552
25/10/2022,3.1989,3.1893,3.1797
24/10/2022,3.1535,3.1441,3.1347
21/10/2022,3.1217,3.1124,3.1031
20/10/2022,3.0396,3.0305,3.0214
19/10/2022,3.0861,3.0769,3.0677
18/10/2022,3.1086,3.0993,3.09
17/10/2022,3.0702,3.061,3.0518
14/10/2022,2.9495,2.9407,2.9319
13/10/2022,3.0808,3.0716,3.0624
12/10/2022,3.0293,3.0202,3.0111
11/10/2022,2.9987,2.9897,2.9807
10/10/2022,3.0643,3.0551,3.0459
7/10/2022,3.0524,3.0433,3.0342
6/10/2022,3.1777,3.1682,3.1587
5/10/2022,3.1862,3.1767,3.1672
4/10/2022,3.1778,3.1683,3.1588
3/10/2022,3.0427,3.0336,3.0245
30/09/2022,3.0461,3.037,3.0279
29/09/2022,3.0666,3.0574,3.0482
28/09/2022,3.1522,3.1428,3.1334
27/09/2022,3.0741,3.0649,3.0557
26/09/2022,3.0396,3.0305,3.0214
23/09/2022,3.0316,3.0225,3.0134
22/09/2022,3.0557,3.0466,3.0375
21/09/2022,3.1197,3.1104,3.1011
20/09/2022,3.1666,3.1571,3.1476
19/09/2022,3.216,3.2064,3.1968
16/09/2022,3.2023,3.1927,3.1831
15/09/2022,3.2526,3.2429,3.2332
14/09/2022,3.2847,3.2749,3.2651
13/09/2022,3.24,3.2303,3.2206
12/09/2022,3.3636,3.3535,3.3434
9/09/2022,3.3455,3.3355,3.3255
8/09/2022,3.2942,3.2843,3.2744
7/09/2022,3.2657,3.2559,3.2461
6/09/2022,3.1723,3.1628,3.1533
5/09/2022,3.1636,3.1541,3.1446
2/09/2022,3.1432,3.1338,3.1244
1/09/2022,3.2082,3.1986,3.189
31/08/2022,3.1834,3.1739,3.1644
30/08/2022,3.1962,3.1866,3.177
29/08/2022,3.2064,3.1968,3.1872
26/08/2022,3.2216,3.212,3.2024
25/08/2022,3.3395,3.3295,3.3195
24/08/2022,3.3173,3.3074,3.2975
23/08/2022,3.2776,3.2678,3.258
22/08/2022,3.3199,3.31,3.3001
19/08/2022,3.4205,3.4103,3.4001
18/08/2022,3.4798,3.4694,3.459
17/08/2022,3.4995,3.489,3.4785
16/08/2022,3.5135,3.503,3.4925
15/08/2022,3.5194,3.5089,3.4984
12/08/2022,3.4663,3.4559,3.4455
11/08/2022,3.3845,3.3744,3.3643
10/08/2022,3.4354,3.4251,3.4148
9/08/2022,3.3729,3.3628,3.3527
8/08/2022,3.419,3.4088,3.3986
5/08/2022,3.4824,3.472,3.4616
4/08/2022,3.5119,3.5014,3.4909
3/08/2022,3.4823,3.4719,3.4615
2/08/2022,3.3643,3.3542,3.3441
1/08/2022,3.3105,3.3006,3.2907
29/07/2022,3.327,3.317,3.307
28/07/2022,3.2497,3.24,3.2303
27/07/2022,3.2276,3.2179,3.2082
26/07/2022,3.0468,3.0377,3.0286
25/07/2022,3.163,3.1535,3.144
22/07/2022,3.1808,3.1713,3.1618
21/07/2022,3.2802,3.2704,3.2606
20/07/2022,3.2041,3.1945,3.1849
19/07/2022,3.116,3.1067,3.0974
18/07/2022,3.0476,3.0385,3.0294
15/07/2022,3.0757,3.0665,3.0573
14/07/2022,3.0404,3.0313,3.0222
13/07/2022,3.0233,3.0143,3.0053
12/07/2022,3.0386,3.0295,3.0204
11/07/2022,3.1176,3.1083,3.099
8/07/2022,3.149,3.1396,3.1302
7/07/2022,3.1647,3.1552,3.1457
6/07/2022,3.1173,3.108,3.0987
5/07/2022,3.1195,3.1102,3.1009
4/07/2022,3.0014,2.9924,2.9834
1/07/2022,3.0362,3.0271,3.018
30/06/2022,2.9417,2.9329,2.9241
29/06/2022,3.0049,2.9959,2.9869
28/06/2022,2.9881,2.9792,2.9703
27/06/2022,3.1035,3.0942,3.0849
24/06/2022,3.154,3.1446,3.1352
23/06/2022,3.032,3.0229,3.0138
22/06/2022,2.9443,2.9355,2.9267
21/06/2022,2.9262,2.9174,2.9086
20/06/2022,2.8393,2.8308,2.8223
17/06/2022,2.8639,2.8553,2.8467
16/06/2022,2.7867,2.7784,2.7701
15/06/2022,2.9449,2.9361,2.9273
14/06/2022,2.8591,2.8505,2.8419
13/06/2022,2.8417,2.8332,2.8247
10/06/2022,2.9682,2.9593,2.9504
9/06/2022,3.0739,3.0647,3.0555
8/06/2022,3.1452,3.1358,3.1264
7/06/2022,3.1312,3.1218,3.1124
6/06/2022,3.1106,3.1013,3.092
3/06/2022,3.0909,3.0817,3.0725
2/06/2022,3.1986,3.189,3.1794
1/06/2022,3.0875,3.0783,3.0691
31/05/2022,3.122,3.1127,3.1034
30/05/2022,3.1217,3.1124,3.1031
27/05/2022,3.1344,3.125,3.1156
26/05/2022,3.0447,3.0356,3.0265
25/05/2022,2.9492,2.9404,2.9316
24/05/2022,2.8648,2.8562,2.8476
23/05/2022,2.9694,2.9605,2.9516
20/05/2022,2.9645,2.9556,2.9467
19/05/2022,2.9862,2.9773,2.9684
18/05/2022,2.9754,2.9665,2.9576
17/05/2022,3.1298,3.1204,3.111
16/05/2022,3.0743,3.0651,3.0559
13/05/2022,3.1727,3.1632,3.1537
12/05/2022,3.0302,3.0211,3.012
11/05/2022,2.9552,2.9464,2.9376
10/05/2022,3.1037,3.0944,3.0851
9/05/2022,3.0583,3.0492,3.0401
6/05/2022,3.2317,3.222,3.2123
5/05/2022,3.2789,3.2691,3.2593
4/05/2022,3.5015,3.491,3.4805
3/05/2022,3.4054,3.3952,3.385
2/05/2022,3.4566,3.4463,3.436
29/04/2022,3.3579,3.3479,3.3379
28/04/2022,3.5267,3.5162,3.5057
27/04/2022,3.3834,3.3733,3.3632
26/04/2022,3.3792,3.3691,3.359
25/04/2022,3.5671,3.5564,3.5457
22/04/2022,3.4765,3.4661,3.4557
21/04/2022,3.5198,3.5093,3.4988
20/04/2022,3.5885,3.5778,3.5671
19/04/2022,3.7452,3.734,3.7228
14/04/2022,3.6416,3.6307,3.6198
13/04/2022,3.7307,3.7195,3.7083
12/04/2022,3.6137,3.6029,3.5921
11/04/2022,3.6534,3.6425,3.6316
8/04/2022,3.7189,3.7078,3.6967
7/04/2022,3.7703,3.759,3.7477
6/04/2022,3.7469,3.7357,3.7245
5/04/2022,3.8413,3.8298,3.8183
4/04/2022,4.0056,3.9936,3.9816
1/04/2022,3.8935,3.8819,3.8703
31/03/2022,3.8782,3.8666,3.855
30/03/2022,3.9426,3.9308,3.919
29/03/2022,4.0241,4.0121,4.0001
28/03/2022,3.9333,3.9215,3.9097
25/03/2022,3.8012,3.7898,3.7784
24/03/2022,3.8353,3.8238,3.8123
23/03/2022,3.7931,3.7818,3.7705
22/03/2022,3.8891,3.8775,3.8659
21/03/2022,3.7786,3.7673,3.756
18/03/2022,3.8369,3.8254,3.8139
17/03/2022,3.706,3.6949,3.6838
16/03/2022,3.6576,3.6467,3.6358
15/03/2022,3.4956,3.4851,3.4746
14/03/2022,3.3661,3.356,3.3459
11/03/2022,3.4124,3.4022,3.392
10/03/2022,3.4978,3.4873,3.4768
9/03/2022,3.5544,3.5438,3.5332
8/03/2022,3.4069,3.3967,3.3865
7/03/2022,3.3629,3.3528,3.3427
4/03/2022,3.5233,3.5128,3.5023
3/03/2022,3.631,3.6201,3.6092
2/03/2022,3.7875,3.7762,3.7649
1/03/2022,3.7456,3.7344,3.7232
28/02/2022,3.7963,3.7849,3.7735
25/02/2022,3.7536,3.7424,3.7312
24/02/2022,3.696,3.6849,3.6738
23/02/2022,3.4658,3.4554,3.445
22/02/2022,3.6019,3.5911,3.5803
21/02/2022,3.6591,3.6482,3.6373
18/02/2022,3.6796,3.6686,3.6576
17/02/2022,3.7716,3.7603,3.749
16/02/2022,3.921,3.9093,3.8976
15/02/2022,3.9632,3.9513,3.9394
14/02/2022,3.874,3.8624,3.8508
11/02/2022,3.8286,3.8171,3.8056
10/02/2022,3.9179,3.9062,3.8945
9/02/2022,4.0262,4.0142,4.0022
8/02/2022,3.95,3.9382,3.9264
7/02/2022,3.9311,3.9193,3.9075
4/02/2022,4.023,4.011,3.999
3/02/2022,3.8399,3.8284,3.8169
2/02/2022,4.0955,4.0833,4.0711
1/02/2022,4.2112,4.1986,4.186
31/01/2022,4.2028,4.1902,4.1776
28/01/2022,4.0216,4.0096,3.9976
27/01/2022,3.8635,3.8519,3.8403
25/01/2022,3.8896,3.878,3.8664
24/01/2022,4.015,4.003,3.991
21/01/2022,3.9687,3.9568,3.9449
20/01/2022,4.0864,4.0742,4.062
19/01/2022,4.1339,4.1215,4.1091
18/01/2022,4.1763,4.1638,4.1513
17/01/2022,4.2664,4.2536,4.2408
14/01/2022,4.2501,4.2374,4.2247
13/01/2022,4.2148,4.2022,4.1896
12/01/2022,4.3879,4.3748,4.3617
11/01/2022,4.4309,4.4176,4.4043
10/01/2022,4.3666,4.3535,4.3404
7/01/2022,4.3651,4.352,4.3389
6/01/2022,4.4314,4.4181,4.4048
5/01/2022,4.3832,4.3701,4.357
4/01/2022,4.5814,4.5677,4.554
3/01/2022,4.7142,4.7001,4.686
31/12/2021,4.5563,4.5427,4.5291
30/12/2021,4.6195,4.6057,4.5919
29/12/2021,4.6053,4.5915,4.5777
24/12/2021,4.617,4.6032,4.5894
23/12/2021,4.6139,4.6001,4.5863
22/12/2021,4.5857,4.572,4.5583
21/12/2021,4.5641,4.5504,4.5367
20/12/2021,4.4479,4.4346,4.4213
17/12/2021,4.5115,4.498,4.4845
16/12/2021,4.4811,4.4677,4.4543
15/12/2021,4.612,4.5982,4.5844
14/12/2021,4.5496,4.536,4.5224
13/12/2021,4.6251,4.6113,4.5975
10/12/2021,4.6679,4.6539,4.6399
9/12/2021,4.671,4.657,4.643
8/12/2021,4.7631,4.7489,4.7347
7/12/2021,4.7276,4.7135,4.6994
6/12/2021,4.6248,4.611,4.5972
3/12/2021,4.6003,4.5865,4.5727
2/12/2021,4.6483,4.6344,4.6205
1/12/2021,4.5832,4.5695,4.5558
30/11/2021,4.7707,4.7564,4.7421
29/11/2021,4.8497,4.8352,4.8207
26/11/2021,4.758,4.7438,4.7296
25/11/2021,4.8046,4.7902,4.7758
24/11/2021,4.7999,4.7855,4.7711
23/11/2021,4.7432,4.729,4.7148
22/11/2021,4.7818,4.7675,4.7532
19/11/2021,4.8709,4.8563,4.8417
18/11/2021,4.8695,4.8549,4.8403
17/11/2021,4.8592,4.8447,4.8302
16/11/2021,4.8636,4.8491,4.8346
15/11/2021,4.7941,4.7798,4.7655
12/11/2021,4.814,4.7996,4.7852
11/11/2021,4.7635,4.7493,4.7351
10/11/2021,4.7335,4.7193,4.7051
9/11/2021,4.7687,4.7544,4.7401
8/11/2021,4.8362,4.8217,4.8072
5/11/2021,4.8662,4.8516,4.837
4/11/2021,4.8721,4.8575,4.8429
3/11/2021,4.8329,4.8184,4.8039
2/11/2021,4.7938,4.7795,4.7652
1/11/2021,4.7464,4.7322,4.718
29/10/2021,4.7196,4.7055,4.6914
28/10/2021,4.684,4.67,4.656
27/10/2021,4.6391,4.6252,4.6113
26/10/2021,4.6296,4.6158,4.602
25/10/2021,4.6464,4.6325,4.6186
22/10/2021,4.5551,4.5415,4.5279
21/10/2021,4.5855,4.5718,4.5581
20/10/2021,4.5524,4.5388,4.5252
19/10/2021,4.5876,4.5739,4.5602
18/10/2021,4.5991,4.5853,4.5715
15/10/2021,4.5405,4.5269,4.5133
14/10/2021,4.4999,4.4864,4.4729
13/10/2021,4.466,4.4526,4.4392
12/10/2021,4.424,4.4108,4.3976
11/10/2021,4.3948,4.3817,4.3686
8/10/2021,4.4518,4.4385,4.4252
7/10/2021,4.4987,4.4852,4.4717
6/10/2021,4.4767,4.4633,4.4499
5/10/2021,4.425,4.4118,4.3986
4/10/2021,4.3658,4.3527,4.3396
1/10/2021,4.4894,4.476,4.4626
30/09/2021,4.4663,4.4529,4.4395
29/09/2021,4.4868,4.4734,4.46
28/09/2021,4.4823,4.4689,4.4555
27/09/2021,4.5959,4.5822,4.5685
24/09/2021,4.6515,4.6376,4.6237
23/09/2021,4.602,4.5882,4.5744
22/09/2021,4.5702,4.5565,4.5428
21/09/2021,4.5504,4.5368,4.5232
20/09/2021,4.5155,4.502,4.4885
17/09/2021,4.6018,4.588,4.5742
16/09/2021,4.6248,4.611,4.5972
15/09/2021,4.5793,4.5656,4.5519
14/09/2021,4.5598,4.5462,4.5326
13/09/2021,4.5297,4.5162,4.5027
10/09/2021,4.5514,4.5378,4.5242
9/09/2021,4.5891,4.5754,4.5617
8/09/2021,4.6223,4.6085,4.5947
7/09/2021,4.6429,4.629,4.6151
6/09/2021,4.5904,4.5767,4.563
3/09/2021,4.5772,4.5635,4.5498
2/09/2021,4.5835,4.5698,4.5561
1/09/2021,4.617,4.6032,4.5894
31/08/2021,4.63,4.6162,4.6024
30/08/2021,4.6321,4.6182,4.6043
27/08/2021,4.5685,4.5548,4.5411
26/08/2021,4.539,4.5254,4.5118
25/08/2021,4.5593,4.5457,4.5321
24/08/2021,4.5597,4.5461,4.5325
23/08/2021,4.5738,4.5601,4.5464
20/08/2021,4.5349,4.5213,4.5077
19/08/2021,4.4658,4.4524,4.439
18/08/2021,4.4476,4.4343,4.421
17/08/2021,4.4501,4.4368,4.4235
16/08/2021,4.4619,4.4486,4.4353
13/08/2021,4.4794,4.466,4.4526
12/08/2021,4.5003,4.4868,4.4733
11/08/2021,4.4558,4.4425,4.4292
10/08/2021,4.4862,4.4728,4.4594
9/08/2021,4.5385,4.5249,4.5113
6/08/2021,4.5123,4.4988,4.4853
5/08/2021,4.5063,4.4928,4.4793
4/08/2021,4.4776,4.4642,4.4508
3/08/2021,4.4699,4.4565,4.4431
2/08/2021,4.4743,4.4609,4.4475
30/07/2021,4.4452,4.4319,4.4186
29/07/2021,4.476,4.4626,4.4492
28/07/2021,4.5096,4.4961,4.4826
27/07/2021,4.4573,4.444,4.4307
26/07/2021,4.537,4.5234,4.5098
23/07/2021,4.5541,4.5405,4.5269
22/07/2021,4.4812,4.4678,4.4544
21/07/2021,4.4732,4.4598,4.4464
20/07/2021,4.4494,4.4361,4.4228
19/07/2021,4.3735,4.3604,4.3473
16/07/2021,4.3705,4.3574,4.3443
15/07/2021,4.3801,4.367,4.3539
14/07/2021,4.3955,4.3824,4.3693
13/07/2021,4.4253,4.4121,4.3989
12/07/2021,4.4239,4.4107,4.3975
9/07/2021,4.4017,4.3885,4.3753
8/07/2021,4.3856,4.3725,4.3594
7/07/2021,4.3902,4.3771,4.364
6/07/2021,4.3931,4.38,4.3669
5/07/2021,4.3596,4.3466,4.3336
2/07/2021,4.3864,4.3733,4.3602
1/07/2021,4.3708,4.3577,4.3446
30/06/2021,4.3723,4.3592,4.3461
29/06/2021,4.3874,4.3743,4.3612
28/06/2021,4.3523,4.3393,4.3263
25/06/2021,4.2833,4.2705,4.2577
24/06/2021,4.3126,4.2997,4.2868
23/06/2021,4.2595,4.2468,4.2341
22/06/2021,4.2575,4.2448,4.2321
21/06/2021,4.2122,4.1996,4.187
18/06/2021,4.2238,4.2112,4.1986
17/06/2021,4.1711,4.1586,4.1461
16/06/2021,4.0243,4.0123,4.0003
15/06/2021,4.0485,4.0364,4.0243
11/06/2021,4.0192,4.0072,3.9952
10/06/2021,3.991,3.9791,3.9672
9/06/2021,3.9341,3.9223,3.9105
8/06/2021,3.9337,3.9219,3.9101
7/06/2021,3.9258,3.9141,3.9024
4/06/2021,3.9155,3.9038,3.8921
3/06/2021,3.8846,3.873,3.8614
2/06/2021,3.9305,3.9187,3.9069
1/06/2021,3.9387,3.9269,3.9151
31/05/2021,3.9538,3.942,3.9302
28/05/2021,3.9638,3.9519,3.94
27/05/2021,3.9391,3.9273,3.9155
26/05/2021,3.9504,3.9386,3.9268
25/05/2021,3.9097,3.898,3.8863
24/05/2021,3.8883,3.8767,3.8651
21/05/2021,3.8084,3.797,3.7856
20/05/2021,3.8208,3.8094,3.798
19/05/2021,3.7557,3.7445,3.7333
18/05/2021,3.7414,3.7302,3.719
17/05/2021,3.7592,3.748,3.7368
14/05/2021,3.7836,3.7723,3.761
13/05/2021,3.7144,3.7033,3.6922
12/05/2021,3.733,3.7218,3.7106
11/05/2021,3.7904,3.7791,3.7678
10/05/2021,3.7658,3.7545,3.7432
7/05/2021,3.899,3.8873,3.8756
6/05/2021,3.8948,3.8832,3.8716
5/05/2021,3.9066,3.8949,3.8832
4/05/2021,3.9542,3.9424,3.9306
3/05/2021,4.0106,3.9986,3.9866
30/04/2021,4.0757,4.0635,4.0513
29/04/2021,4.0764,4.0642,4.052
28/04/2021,4.1064,4.0941,4.0818
27/04/2021,4.1231,4.1108,4.0985
26/04/2021,4.1363,4.1239,4.1115
23/04/2021,4.1272,4.1149,4.1026
22/04/2021,4.0713,4.0591,4.0469
21/04/2021,4.0931,4.0809,4.0687
20/04/2021,4.0527,4.0406,4.0285
19/04/2021,4.074,4.0618,4.0496
16/04/2021,4.1544,4.142,4.1296
15/04/2021,4.1608,4.1484,4.136
14/04/2021,4.1178,4.1055,4.0932
13/04/2021,4.2341,4.2214,4.2087
12/04/2021,4.1442,4.1318,4.1194
9/04/2021,4.117,4.1047,4.0924
8/04/2021,4.0861,4.0739,4.0617
7/04/2021,4.0125,4.0005,3.9885
6/04/2021,4.0062,3.9942,3.9822
1/04/2021,3.9473,3.9355,3.9237
31/03/2021,3.8777,3.8661,3.8545
30/03/2021,3.7972,3.7858,3.7744
29/03/2021,3.7542,3.743,3.7318
26/03/2021,3.7817,3.7704,3.7591
25/03/2021,3.7752,3.7639,3.7526
24/03/2021,3.775,3.7637,3.7524
23/03/2021,3.8429,3.8314,3.8199
22/03/2021,3.8335,3.822,3.8105
19/03/2021,3.7945,3.7832,3.7719
18/03/2021,3.7567,3.7455,3.7343
17/03/2021,3.9433,3.9315,3.9197
16/03/2021,3.8925,3.8809,3.8693
15/03/2021,3.9325,3.9207,3.9089
12/03/2021,3.8921,3.8804,3.8688
11/03/2021,3.9188,3.907,3.8953
10/03/2021,3.8056,3.7942,3.7828
9/03/2021,3.8126,3.8012,3.7898
8/03/2021,3.6089,3.5981,3.5873
5/03/2021,3.7339,3.7227,3.7116
4/03/2021,3.6778,3.6668,3.6558
3/03/2021,3.7924,3.7811,3.7697
2/03/2021,3.9246,3.9128,3.9011
1/03/2021,3.9777,3.9658,3.9539
26/02/2021,3.8795,3.8679,3.8563
25/02/2021,3.779,3.7677,3.7564
24/02/2021,3.9462,3.9344,3.9226
23/02/2021,3.9442,3.9324,3.9206
22/02/2021,3.9939,3.982,3.97
19/02/2021,4.126,4.1136,4.1013
18/02/2021,4.1908,4.1782,4.1657
17/02/2021,4.213,4.2004,4.1878
16/02/2021,4.222,4.2093,4.1967
15/02/2021,4.2139,4.2013,4.1887
12/02/2021,4.2244,4.2117,4.1991
11/02/2021,4.1832,4.1707,4.1581
10/02/2021,4.1703,4.1579,4.1454
9/02/2021,4.1868,4.1742,4.1617
8/02/2021,4.1847,4.1722,4.1597
5/02/2021,4.1499,4.1375,4.1251
4/02/2021,4.1655,4.1531,4.1406
3/02/2021,4.1019,4.0774,4.0897
2/02/2021,4.1333,4.1209,4.1086
1/02/2021,4.022,4.01,3.998
29/01/2021,3.8845,3.8728,3.8612
28/01/2021,3.9657,3.9538,3.942
27/01/2021,3.9172,3.9055,3.8938
25/01/2021,4.0109,3.9989,3.9869
22/01/2021,3.9873,3.9754,3.9635
21/01/2021,3.9676,3.9558,3.9439
20/01/2021,3.9681,3.9563,3.9444
19/01/2021,3.9234,3.9117,3.9
18/01/2021,3.8916,3.88,3.8683
15/01/2021,3.8803,3.8687,3.8571
14/01/2021,3.8962,3.8845,3.8728
13/01/2021,3.9267,3.9149,3.9032
12/01/2021,3.8975,3.8858,3.8742
11/01/2021,3.9047,3.893,3.8813
8/01/2021,3.9549,3.9431,3.9313
7/01/2021,3.8876,3.876,3.8643
6/01/2021,3.7647,3.7534,3.7421
5/01/2021,3.8267,3.8152,3.8038
4/01/2021,3.8152,3.8038,3.7924
31/12/2020,3.8286,3.8172,3.8057
30/12/2020,3.8404,3.8289,3.8175
29/12/2020,3.8471,3.8356,3.8241
24/12/2020,3.8635,3.852,3.8404
23/12/2020,3.8722,3.8606,3.849
22/12/2020,3.9365,3.9248,3.913
21/12/2020,3.885,3.8734,3.8618
18/12/2020,3.9068,3.8951,3.8834
17/12/2020,3.8669,3.8554,3.8438
16/12/2020,3.8291,3.8176,3.8062
15/12/2020,3.7977,3.7864,3.775
14/12/2020,3.7856,3.7743,3.763
11/12/2020,3.7736,3.7624,3.7511
10/12/2020,3.7997,3.7883,3.7769
9/12/2020,3.7874,3.776,3.7647
8/12/2020,3.8958,3.8841,3.8725
7/12/2020,3.8721,3.8605,3.8489
4/12/2020,3.8253,3.8138,3.8024
3/12/2020,3.7993,3.7879,3.7765
2/12/2020,3.808,3.7966,3.7852
1/12/2020,3.835,3.8235,3.812
30/11/2020,3.803,3.7916,3.7802
27/11/2020,3.8097,3.7983,3.7869
26/11/2020,3.7985,3.7871,3.7758
25/11/2020,3.8047,3.7933,3.7819
24/11/2020,3.7704,3.7591,3.7478
23/11/2020,3.7477,3.7365,3.7253
20/11/2020,3.6815,3.6704,3.6594
19/11/2020,3.7187,3.7076,3.6965
18/11/2020,3.6535,3.6426,3.6316
17/11/2020,3.6512,3.6403,3.6294
16/11/2020,3.5936,3.5829,3.5721
13/11/2020,3.6104,3.5996,3.5888
12/11/2020,3.5972,3.5864,3.5757
11/11/2020,3.6299,3.619,3.6082
10/11/2020,3.5401,3.5296,3.519
9/11/2020,3.6279,3.617,3.6061
6/11/2020,3.7234,3.7122,3.7011
5/11/2020,3.6757,3.6647,3.6537
4/11/2020,3.6296,3.6188,3.6079
3/11/2020,3.4847,3.4742,3.4638
2/11/2020,3.4952,3.4847,3.4742
30/10/2020,3.4927,3.4823,3.4718
29/10/2020,3.6302,3.6194,3.6085
28/10/2020,3.5551,3.5444,3.5338
27/10/2020,3.6474,3.6365,3.6255
26/10/2020,3.6224,3.6116,3.6007
23/10/2020,3.7008,3.6897,3.6786
22/10/2020,3.6794,3.6684,3.6573
21/10/2020,3.6896,3.6785,3.6675
20/10/2020,3.7233,3.7121,3.701
19/10/2020,3.7046,3.6935,3.6824
16/10/2020,3.7525,3.7413,3.7301
15/10/2020,3.7581,3.7469,3.7356
14/10/2020,3.731,3.7199,3.7087
13/10/2020,3.7678,3.7565,3.7453
12/10/2020,3.7131,3.702,3.6909
9/10/2020,3.6471,3.6362,3.6253
8/10/2020,3.6254,3.6146,3.6037
7/10/2020,3.6206,3.6097,3.5989
6/10/2020,3.5377,3.5271,3.5166
2/10/2020,3.5167,3.5062,3.4957
1/10/2020,3.5779,3.5672,3.5565
30/09/2020,3.5264,3.5159,3.5053
29/09/2020,3.5352,3.5246,3.514
28/09/2020,3.5556,3.545,3.5343
25/09/2020,3.5047,3.4942,3.4837
24/09/2020,3.4222,3.4119,3.4017
23/09/2020,3.3666,3.3565,3.3465
22/09/2020,3.4411,3.4308,3.4205
21/09/2020,3.3824,3.3723,3.3622
18/09/2020,3.3199,3.3099,3.3
17/09/2020,3.3435,3.3335,3.3235
16/09/2020,3.3883,3.3781,3.368
15/09/2020,3.4497,3.4394,3.429
14/09/2020,3.3807,3.3706,3.3605
11/09/2020,3.3092,3.2993,3.2894
10/09/2020,3.3312,3.3212,3.3113
9/09/2020,3.3848,3.3747,3.3646
8/09/2020,3.2976,3.2877,3.2778
7/09/2020,3.4468,3.4365,3.4262
4/09/2020,3.4594,3.449,3.4387
3/09/2020,3.5084,3.4979,3.4874
2/09/2020,3.6541,3.6431,3.6322
1/09/2020,3.6268,3.616,3.6051
31/08/2020,3.5862,3.5754,3.5647
28/08/2020,3.5621,3.5515,3.5408
27/08/2020,3.5951,3.5843,3.5736
26/08/2020,3.587,3.5762,3.5655
25/08/2020,3.4909,3.4805,3.47
24/08/2020,3.4525,3.4422,3.4319
21/08/2020,3.4522,3.4418,3.4315
20/08/2020,3.4453,3.435,3.4247
19/08/2020,3.3482,3.3382,3.3282
18/08/2020,3.3585,3.3484,3.3384
17/08/2020,3.3421,3.3321,3.3221
14/08/2020,3.273,3.2632,3.2534
13/08/2020,3.2794,3.2696,3.2597
12/08/2020,3.246,3.2362,3.2265
11/08/2020,3.1712,3.1617,3.1522
10/08/2020,3.2151,3.2055,3.1959
7/08/2020,3.2462,3.2365,3.2268
6/08/2020,3.2756,3.2658,3.256
5/08/2020,3.2417,3.2321,3.2224
4/08/2020,3.2262,3.2166,3.2069
3/08/2020,3.2376,3.2279,3.2183
31/07/2020,3.1653,3.1558,3.1463
30/07/2020,3.1708,3.1613,3.1518
29/07/2020,3.1653,3.1558,3.1463
28/07/2020,3.1163,3.107,3.0976
27/07/2020,3.1638,3.1544,3.1449
24/07/2020,3.1164,3.1071,3.0978
23/07/2020,3.1442,3.1348,3.1254
22/07/2020,3.213,3.2034,3.1938
21/07/2020,3.2169,3.2073,3.1977
20/07/2020,3.2977,3.2878,3.278
17/07/2020,3.1851,3.1755,3.166
16/07/2020,3.1629,3.1534,3.1439
15/07/2020,3.1904,3.1808,3.1713
14/07/2020,3.1941,3.1846,3.175
13/07/2020,3.1638,3.1544,3.1449
10/07/2020,3.2632,3.2535,3.2437
9/07/2020,3.2291,3.2195,3.2098
8/07/2020,3.2164,3.2068,3.1972
7/07/2020,3.1641,3.1547,3.1452
6/07/2020,3.1553,3.1458,3.1364
3/07/2020,3.0672,3.058,3.0488
2/07/2020,3.0799,3.0707,3.0615
1/07/2020,3.0411,3.032,3.0229
30/06/2020,2.9893,2.9803,2.9714
29/06/2020,2.9391,2.9303,2.9215
26/06/2020,2.9169,2.9082,2.8994
25/06/2020,2.9704,2.9615,2.9526
24/06/2020,2.922,2.9133,2.9045
23/06/2020,2.9709,2.962,2.9531
22/06/2020,2.9745,2.9656,2.9567
19/06/2020,2.9595,2.9506,2.9418
18/06/2020,2.9669,2.958,2.9492
17/06/2020,2.9318,2.923,2.9143
16/06/2020,2.9458,2.937,2.9282
15/06/2020,2.8955,2.8869,2.8782
12/06/2020,2.8712,2.8626,2.854
11/06/2020,2.8388,2.8304,2.8219
10/06/2020,2.9415,2.9327,2.9239
9/06/2020,2.8954,2.8867,2.8781
5/06/2020,2.8614,2.8528,2.8443
4/06/2020,2.8112,2.8028,2.7944
3/06/2020,2.854,2.8455,2.837
2/06/2020,2.8542,2.8457,2.8372
1/06/2020,2.8771,2.8685,2.8599
29/05/2020,2.91,2.9013,2.8926
28/05/2020,2.8762,2.8676,2.859
27/05/2020,2.8918,2.8831,2.8745
26/05/2020,2.8648,2.8563,2.8477
25/05/2020,2.9027,2.894,2.8853
22/05/2020,2.904,2.8953,2.8866
21/05/2020,2.8869,2.8783,2.8696
20/05/2020,2.9001,2.8914,2.8827
19/05/2020,2.8652,2.8566,2.8481
18/05/2020,2.8927,2.884,2.8754
15/05/2020,2.8717,2.8631,2.8545
14/05/2020,2.8473,2.8388,2.8303
13/05/2020,2.8153,2.8068,2.7984
12/05/2020,2.8322,2.8237,2.8152
11/05/2020,2.8952,2.8866,2.8779
8/05/2020,2.857,2.8485,2.84
7/05/2020,2.8619,2.8533,2.8447
6/05/2020,2.815,2.8066,2.7982
5/05/2020,2.8065,2.7981,2.7897
4/05/2020,2.7838,2.7755,2.7672
1/05/2020,2.7391,2.7309,2.7227
30/04/2020,2.7836,2.7753,2.7669
29/04/2020,2.7842,2.7759,2.7675
28/04/2020,2.7082,2.7001,2.692
27/04/2020,2.758,2.7498,2.7415
24/04/2020,2.7573,2.7491,2.7408
23/04/2020,2.7235,2.7153,2.7072
22/04/2020,2.7652,2.7569,2.7487
21/04/2020,2.6964,2.6884,2.6803
20/04/2020,2.7595,2.7513,2.743
17/04/2020,2.794,2.7856,2.7773
16/04/2020,2.7648,2.7565,2.7482
15/04/2020,2.7309,2.7227,2.7145
14/04/2020,2.7272,2.719,2.7109
9/04/2020,2.6666,2.6586,2.6506
8/04/2020,2.6835,2.6755,2.6674
7/04/2020,2.6382,2.6303,2.6224
6/04/2020,2.6786,2.6706,2.6626
3/04/2020,2.537,2.5294,2.5218
2/04/2020,2.5516,2.544,2.5363
1/04/2020,2.4993,2.4918,2.4844
31/03/2020,2.5966,2.5889,2.5811
30/03/2020,2.6189,2.611,2.6032
27/03/2020,2.5532,2.5455,2.5379
26/03/2020,2.6904,2.6824,2.6743
25/03/2020,2.6159,2.608,2.6002
24/03/2020,2.6085,2.6007,2.5929
23/03/2020,2.4832,2.4758,2.4683
20/03/2020,2.4859,2.4785,2.4711
19/03/2020,2.54,2.5324,2.5248
18/03/2020,2.5061,2.4986,2.4911
17/03/2020,2.5499,2.5423,2.5346
16/03/2020,2.3942,2.387,2.3799
13/03/2020,2.6589,2.6509,2.643
12/03/2020,2.4292,2.4219,2.4146
11/03/2020,2.5572,2.5495,2.5419
10/03/2020,2.6669,2.6589,2.6509
9/03/2020,2.5032,2.4958,2.4883
6/03/2020,2.6857,2.6776,2.6696
5/03/2020,2.7484,2.7402,2.732
4/03/2020,2.807,2.7986,2.7902
3/03/2020,2.7289,2.7208,2.7126
2/03/2020,2.8336,2.8251,2.8166
28/02/2020,2.7588,2.7505,2.7423
27/02/2020,2.7139,2.7058,2.6977
26/02/2020,2.8325,2.824,2.8155
25/02/2020,2.8165,2.8081,2.7997
24/02/2020,2.8806,2.872,2.8634
21/02/2020,2.9802,2.9712,2.9623
20/02/2020,3.0261,3.017,3.008
19/02/2020,3.0336,3.0245,3.0154
18/02/2020,2.9971,2.9881,2.9791
17/02/2020,2.9792,2.9703,2.9614
14/02/2020,2.977,2.9681,2.9592
13/02/2020,2.961,2.9521,2.9433
12/02/2020,2.956,2.9472,2.9383
11/02/2020,2.9468,2.938,2.9292
10/02/2020,2.9744,2.9655,2.9566
7/02/2020,2.9416,2.9328,2.924
6/02/2020,2.9212,2.9125,2.9038
5/02/2020,2.9017,2.893,2.8843
4/02/2020,2.9186,2.9098,2.9011
3/02/2020,2.8857,2.8771,2.8684
31/01/2020,2.8515,2.843,2.8344
30/01/2020,2.8746,2.866,2.8574
29/01/2020,2.855,2.8465,2.8379
28/01/2020,2.8426,2.8341,2.8256
24/01/2020,2.8312,2.8227,2.8143
23/01/2020,2.8375,2.829,2.8205
22/01/2020,2.8479,2.8394,2.8309
21/01/2020,2.8375,2.829,2.8206
20/01/2020,2.828,2.8195,2.8111
17/01/2020,2.831,2.8225,2.814
16/01/2020,2.8061,2.7977,2.7893
15/01/2020,2.7817,2.7734,2.7651
14/01/2020,2.7689,2.7606,2.7523
13/01/2020,2.7748,2.7665,2.7582
10/01/2020,2.7509,2.7427,2.7345
9/01/2020,2.7696,2.7613,2.753
8/01/2020,2.7449,2.7367,2.7285
7/01/2020,2.7185,2.7104,2.7022
6/01/2020,2.6965,2.6885,2.6804
3/01/2020,2.6688,2.6608,2.6528
2/01/2020,2.6688,2.6609,2.6529
31/12/2019,2.6214,2.6136,2.6057
30/12/2019,2.6366,2.6287,2.6208
27/12/2019,2.6643,2.6563,2.6484
24/12/2019,2.6548,2.6468,2.6389
23/12/2019,2.6585,2.6506,2.6426
20/12/2019,2.6662,2.6583,2.6503
19/12/2019,2.6634,2.6554,2.6475
18/12/2019,2.6559,2.648,2.64
17/12/2019,2.6583,2.6503,2.6424
16/12/2019,2.6536,2.6457,2.6377
13/12/2019,2.6383,2.6304,2.6225
12/12/2019,2.6107,2.6029,2.595
11/12/2019,2.6253,2.6174,2.6096
10/12/2019,2.6342,2.6263,2.6184
9/12/2019,2.6333,2.6254,2.6175
6/12/2019,2.6389,2.631,2.6231
5/12/2019,2.6227,2.6149,2.607
4/12/2019,2.6086,2.6008,2.593
3/12/2019,2.6175,2.6097,2.6018
2/12/2019,2.6351,2.6272,2.6193
29/11/2019,2.6832,2.6752,2.6672
28/11/2019,2.6898,2.6817,2.6737
27/11/2019,2.682,2.674,2.666
26/11/2019,2.667,2.6591,2.6511
25/11/2019,2.6513,2.6434,2.6355
22/11/2019,2.6258,2.6179,2.6101
21/11/2019,2.6245,2.6166,2.6088
20/11/2019,2.6336,2.6257,2.6178
19/11/2019,2.6286,2.6207,2.6129
18/11/2019,2.5684,2.5607,2.5531
15/11/2019,2.6169,2.6091,2.6013
14/11/2019,2.6161,2.6082,2.6004
13/11/2019,2.5854,2.5777,2.57
12/11/2019,2.5816,2.5739,2.5661
11/11/2019,2.5728,2.5651,2.5574
8/11/2019,2.567,2.5593,2.5516
7/11/2019,2.5558,2.5482,2.5405
6/11/2019,2.5431,2.5355,2.5279
5/11/2019,2.5442,2.5366,2.529
4/11/2019,2.5601,2.5525,2.5448
1/11/2019,2.5517,2.5441,2.5365
31/10/2019,2.5416,2.534,2.5264
30/10/2019,2.5642,2.5566,2.5489
29/10/2019,2.5508,2.5431,2.5355
28/10/2019,2.5789,2.5712,2.5635
25/10/2019,2.5684,2.5607,2.5531
24/10/2019,2.5454,2.5378,2.5302
23/10/2019,2.5014,2.494,2.4865
22/10/2019,2.4904,2.4829,2.4755
21/10/2019,2.5271,2.5196,2.512
18/10/2019,2.5161,2.5086,2.5011
17/10/2019,2.5561,2.5485,2.5408
16/10/2019,2.5752,2.5675,2.5598
15/10/2019,2.5895,2.5818,2.574
14/10/2019,2.5549,2.5473,2.5396
11/10/2019,2.5484,2.5408,2.5332
10/10/2019,2.5298,2.5222,2.5146
9/10/2019,2.5233,2.5158,2.5082
8/10/2019,2.4995,2.492,2.4845
4/10/2019,2.5236,2.5161,2.5085
3/10/2019,2.5023,2.4948,2.4874
2/10/2019,2.4906,2.4831,2.4757
1/10/2019,2.5334,2.5259,2.5183
30/09/2019,2.5327,2.5251,2.5175
27/09/2019,2.5167,2.5092,2.5017
26/09/2019,2.5451,2.5375,2.5299
25/09/2019,2.5491,2.5415,2.5339
24/09/2019,2.5225,2.5149,2.5074
23/09/2019,2.5536,2.5459,2.5383
20/09/2019,2.5626,2.555,2.5473
19/09/2019,2.5714,2.5637,2.556
18/09/2019,2.5497,2.5421,2.5345
17/09/2019,2.5538,2.5462,2.5385
16/09/2019,2.537,2.5294,2.5218
13/09/2019,2.5482,2.5406,2.5329
12/09/2019,2.5522,2.5446,2.537
11/09/2019,2.5365,2.5289,2.5213
10/09/2019,2.5247,2.5172,2.5096
9/09/2019,2.5539,2.5462,2.5386
6/09/2019,2.5835,2.5757,2.568
5/09/2019,2.6043,2.5965,2.5887
4/09/2019,2.5763,2.5686,2.5609
3/09/2019,2.5547,2.547,2.5394
2/09/2019,2.5855,2.5778,2.5701
30/08/2019,2.582,2.5743,2.5666
29/08/2019,2.5878,2.5801,2.5724
28/08/2019,2.5587,2.5511,2.5434
27/08/2019,2.5487,2.541,2.5334
26/08/2019,2.5383,2.5307,2.5231
23/08/2019,2.5218,2.5143,2.5067
22/08/2019,2.5678,2.5601,2.5525
21/08/2019,2.5667,2.559,2.5513
20/08/2019,2.5402,2.5326,2.525
19/08/2019,2.5556,2.548,2.5403
16/08/2019,2.529,2.5214,2.5139
15/08/2019,2.5058,2.4983,2.4908
14/08/2019,2.5068,2.4993,2.4918
13/08/2019,2.5546,2.5469,2.5393
12/08/2019,2.5394,2.5318,2.5242
9/08/2019,2.5456,2.5379,2.5303
8/08/2019,2.5607,2.553,2.5453
7/08/2019,2.5337,2.5261,2.5185
6/08/2019,2.5142,2.5067,2.4991
5/08/2019,2.494,2.4866,2.4791
2/08/2019,2.5558,2.5482,2.5405
1/08/2019,2.5758,2.568,2.5603
31/07/2019,2.5638,2.5561,2.5485
30/07/2019,2.5977,2.5899,2.5822
29/07/2019,2.6061,2.5983,2.5905
26/07/2019,2.6208,2.613,2.6051
25/07/2019,2.5802,2.5724,2.5647
24/07/2019,2.5952,2.5874,2.5797
23/07/2019,2.5792,2.5715,2.5638
22/07/2019,2.5606,2.5529,2.5453
19/07/2019,2.5485,2.5408,2.5332
18/07/2019,2.5623,2.5547,2.547
17/07/2019,2.5749,2.5672,2.5595
16/07/2019,2.5726,2.5649,2.5572
15/07/2019,2.5868,2.5791,2.5713
12/07/2019,2.5957,2.588,2.5802
11/07/2019,2.5958,2.5881,2.5803
10/07/2019,2.5972,2.5895,2.5817
9/07/2019,2.5871,2.5794,2.5717
8/07/2019,2.5588,2.5512,2.5435
5/07/2019,2.568,2.5603,2.5527
4/07/2019,2.5556,2.548,2.5403
3/07/2019,2.5511,2.5435,2.5359
2/07/2019,2.5446,2.537,2.5294
1/07/2019,2.5397,2.5321,2.5245
28/06/2019,2.5076,2.5001,2.4926
27/06/2019,2.4993,2.4918,2.4844
26/06/2019,2.5019,2.4944,2.4869
25/06/2019,2.511,2.5035,2.496
24/06/2019,2.5503,2.5427,2.535
21/06/2019,2.5654,2.5577,2.55
20/06/2019,2.5714,2.5638,2.5561
19/06/2019,2.5659,2.5582,2.5505
18/06/2019,2.5551,2.5475,2.5398
17/06/2019,2.5456,2.538,2.5304
14/06/2019,2.5241,2.5166,2.509
13/06/2019,2.5163,2.5087,2.5012
12/06/2019,2.4972,2.4897,2.4822
11/06/2019,2.5025,2.495,2.4876
7/06/2019,2.4648,2.4574,2.4501
6/06/2019,2.4372,2.4299,2.4226
5/06/2019,2.4222,2.4149,2.4077
4/06/2019,2.3995,2.3923,2.3851
3/06/2019,2.369,2.3619,2.3549
31/05/2019,2.4319,2.4246,2.4173
30/05/2019,2.4642,2.4569,2.4495
29/05/2019,2.4537,2.4464,2.439
28/05/2019,2.4747,2.4673,2.4599
27/05/2019,2.4755,2.4681,2.4607
24/05/2019,2.4757,2.4683,2.4609
23/05/2019,2.4759,2.4685,2.4611
22/05/2019,2.5157,2.5082,2.5007
21/05/2019,2.5109,2.5034,2.4959
20/05/2019,2.4874,2.4799,2.4725
17/05/2019,2.5153,2.5078,2.5003
16/05/2019,2.5167,2.5091,2.5016
15/05/2019,2.4844,2.477,2.4696
14/05/2019,2.4466,2.4393,2.432
13/05/2019,2.427,2.4198,2.4125
10/05/2019,2.4707,2.4633,2.4559
9/05/2019,2.4677,2.4603,2.4529
8/05/2019,2.4657,2.4584,2.451
7/05/2019,2.4627,2.4554,2.448
6/05/2019,2.4988,2.4914,2.4839
3/05/2019,2.4987,2.4912,2.4837
2/05/2019,2.476,2.4686,2.4612
1/05/2019,2.4765,2.4691,2.4617
30/04/2019,2.4946,2.4871,2.4796
29/04/2019,2.5011,2.4936,2.4861
26/04/2019,2.4947,2.4872,2.4798
24/04/2019,2.4746,2.4671,2.4597
23/04/2019,2.4566,2.4493,2.4419
18/04/2019,2.4067,2.3995,2.3923
17/04/2019,2.3996,2.3925,2.3853
16/04/2019,2.3994,2.3922,2.385
15/04/2019,2.3932,2.3861,2.3789
12/04/2019,2.3858,2.3787,2.3715
11/04/2019,2.3826,2.3755,2.3684
10/04/2019,2.3814,2.3743,2.3672
9/04/2019,2.3762,2.3691,2.3619
8/04/2019,2.3868,2.3797,2.3726
5/04/2019,2.3919,2.3847,2.3776
4/04/2019,2.3842,2.377,2.3699
3/04/2019,2.3872,2.38,2.3729
2/04/2019,2.392,2.3849,2.3777
1/04/2019,2.3682,2.3611,2.354
29/03/2019,2.348,2.341,2.3339
28/03/2019,2.345,2.338,2.331
27/03/2019,2.342,2.335,2.328
26/03/2019,2.3355,2.3285,2.3215
25/03/2019,2.3316,2.3246,2.3176
22/03/2019,2.3356,2.3286,2.3216
21/03/2019,2.3741,2.367,2.3599
20/03/2019,2.3603,2.3533,2.3462
19/03/2019,2.3478,2.3407,2.3337
18/03/2019,2.3378,2.3308,2.3238
15/03/2019,2.3398,2.3328,2.3258
14/03/2019,2.338,2.331,2.324
13/03/2019,2.3317,2.3247,2.3177
12/03/2019,2.3191,2.3121,2.3052
11/03/2019,2.3172,2.3103,2.3033
8/03/2019,2.2909,2.284,2.2771
7/03/2019,2.292,2.2851,2.2783
6/03/2019,2.3142,2.3073,2.3004
5/03/2019,2.3097,2.3028,2.2959
4/03/2019,2.3031,2.2962,2.2893
1/03/2019,2.3021,2.2952,2.2883
28/02/2019,2.274,2.2672,2.2604
27/02/2019,2.2682,2.2614,2.2546
26/02/2019,2.2563,2.2496,2.2428
25/02/2019,2.254,2.2473,2.2405
22/02/2019,2.2535,2.2468,2.2401
21/02/2019,2.2293,2.2227,2.216
20/02/2019,2.2218,2.2151,2.2085
19/02/2019,2.2296,2.223,2.2163
18/02/2019,2.2303,2.2236,2.217
15/02/2019,2.2319,2.2252,2.2186
14/02/2019,2.2306,2.224,2.2173
13/02/2019,2.2285,2.2218,2.2151
12/02/2019,2.2308,2.2242,2.2175
11/02/2019,2.2133,2.2067,2.2001
8/02/2019,2.205,2.1984,2.1918
7/02/2019,2.1985,2.1919,2.1853
6/02/2019,2.2151,2.2085,2.2019
5/02/2019,2.1993,2.1927,2.1861
4/02/2019,2.1837,2.1771,2.1706
1/02/2019,2.1525,2.1461,2.1396
31/01/2019,2.1511,2.1447,2.1382
30/01/2019,2.144,2.1376,2.1312
29/01/2019,2.1138,2.1074,2.1011
25/01/2019,2.1479,2.1415,2.1351
24/01/2019,2.1409,2.1345,2.1281
23/01/2019,2.1245,2.1181,2.1118
22/01/2019,2.1221,2.1158,2.1094
21/01/2019,2.147,2.1406,2.1342
18/01/2019,2.1389,2.1325,2.1261
17/01/2019,2.123,2.1166,2.1103
16/01/2019,2.1077,2.1014,2.0951
15/01/2019,2.0996,2.0934,2.0871
14/01/2019,2.0704,2.0642,2.058
11/01/2019,2.0843,2.0781,2.0718
10/01/2019,2.0947,2.0884,2.0822
9/01/2019,2.0972,2.0909,2.0846
8/01/2019,2.0903,2.0841,2.0778
7/01/2019,2.0655,2.0593,2.0531
4/01/2019,2.0535,2.0474,2.0412
3/01/2019,2.0134,2.0074,2.0014
2/01/2019,2.0594,2.0533,2.0471
31/12/2018,2.041,2.0349,2.0288
28/12/2018,2.0325,2.0264,2.0203
27/12/2018,2.0353,2.0292,2.0231
24/12/2018,1.9274,1.9217,1.9159
21/12/2018,1.9446,1.9387,1.9329
20/12/2018,1.991,1.9851,1.9791
19/12/2018,2.0056,1.9996,1.9936
18/12/2018,2.0327,2.0267,2.0206
17/12/2018,2.0189,2.0128,2.0068
14/12/2018,2.0637,2.0575,2.0513
13/12/2018,2.0904,2.0842,2.0779
12/12/2018,2.0914,2.0851,2.0789
11/12/2018,2.0785,2.0723,2.0661
10/12/2018,2.0765,2.0702,2.064
7/12/2018,2.0629,2.0567,2.0505
6/12/2018,2.1072,2.1009,2.0945
5/12/2018,2.0829,2.0767,2.0705
4/12/2018,2.0644,2.0583,2.0521
3/12/2018,2.125,2.1186,2.1123
30/11/2018,2.102,2.0957,2.0894
29/11/2018,2.0874,2.0811,2.0749
28/11/2018,2.1076,2.1013,2.095
27/11/2018,2.0478,2.0417,2.0355
26/11/2018,2.0452,2.0391,2.0329
23/11/2018,2.0052,1.9992,1.9932
22/11/2018,2.0141,2.008,2.002
21/11/2018,2.0081,2.0021,1.9961
20/11/2018,1.9882,1.9823,1.9764
19/11/2018,1.9967,1.9907,1.9847
16/11/2018,2.058,2.0519,2.0457
15/11/2018,2.078,2.0718,2.0655
14/11/2018,2.075,2.0688,2.0626
13/11/2018,2.0822,2.076,2.0698
12/11/2018,2.0815,2.0752,2.069
9/11/2018,2.1173,2.111,2.1047
8/11/2018,2.1342,2.1278,2.1214
7/11/2018,2.1405,2.1341,2.1277
6/11/2018,2.1047,2.0984,2.0921
5/11/2018,2.1014,2.0951,2.0888
2/11/2018,2.1104,2.1041,2.0978
1/11/2018,2.1174,2.1111,2.1047
31/10/2018,2.1297,2.1233,2.1169
30/10/2018,2.0791,2.0729,2.0667
29/10/2018,2.0724,2.0662,2.06
26/10/2018,2.1113,2.105,2.0987
25/10/2018,2.1574,2.1509,2.1445
24/10/2018,2.0977,2.0914,2.0851
23/10/2018,2.1627,2.1562,2.1498
22/10/2018,2.1673,2.1608,2.1543
19/10/2018,2.1482,2.1418,2.1353
18/10/2018,2.1371,2.1307,2.1243
17/10/2018,2.1751,2.1686,2.1621
16/10/2018,2.1682,2.1617,2.1553
15/10/2018,2.1194,2.113,2.1067
12/10/2018,2.1502,2.1437,2.1373
11/10/2018,2.1082,2.1019,2.0956
10/10/2018,2.1232,2.1168,2.1105
9/10/2018,2.2155,2.2088,2.2022
8/10/2018,2.2145,2.2079,2.2013
5/10/2018,2.2429,2.2362,2.2294
4/10/2018,2.2571,2.2503,2.2436
3/10/2018,2.2836,2.2768,2.2699
2/10/2018,2.2662,2.2595,2.2527
28/09/2018,2.2749,2.2681,2.2613
27/09/2018,2.2872,2.2803,2.2735
26/09/2018,2.267,2.2602,2.2535
25/09/2018,2.2677,2.2609,2.2541
24/09/2018,2.2535,2.2468,2.24
21/09/2018,2.2445,2.2378,2.2311
20/09/2018,2.2549,2.2482,2.2414
19/09/2018,2.2396,2.2329,2.2262
18/09/2018,2.2619,2.2552,2.2484
17/09/2018,2.25,2.2432,2.2365
14/09/2018,2.2793,2.2725,2.2657
13/09/2018,2.2831,2.2763,2.2695
12/09/2018,2.2936,2.2868,2.2799
11/09/2018,2.3031,2.2962,2.2893
10/09/2018,2.2824,2.2755,2.2687
7/09/2018,2.2669,2.2601,2.2534
6/09/2018,2.25,2.2433,2.2366
5/09/2018,2.2671,2.2603,2.2535
4/09/2018,2.3056,2.2987,2.2919
3/09/2018,2.3037,2.2968,2.2899
31/08/2018,2.3001,2.2932,2.2863
30/08/2018,2.2912,2.2843,2.2775
29/08/2018,2.2906,2.2837,2.2769
28/08/2018,2.2574,2.2506,2.2439
27/08/2018,2.2516,2.2448,2.2381
24/08/2018,2.2415,2.2348,2.2281
23/08/2018,2.233,2.2263,2.2197
22/08/2018,2.2122,2.2056,2.199
21/08/2018,2.2002,2.1937,2.1871
20/08/2018,2.2076,2.201,2.1944
17/08/2018,2.2092,2.2026,2.196
16/08/2018,2.213,2.2064,2.1998
15/08/2018,2.2202,2.2136,2.2069
14/08/2018,2.2326,2.2259,2.2192
13/08/2018,2.214,2.2074,2.2007
10/08/2018,2.2069,2.2003,2.1937
9/08/2018,2.1987,2.1922,2.1856
8/08/2018,2.1914,2.1849,2.1783
7/08/2018,2.1828,2.1763,2.1697
6/08/2018,2.181,2.1745,2.168
3/08/2018,2.1714,2.1649,2.1584
2/08/2018,2.1766,2.1701,2.1636
1/08/2018,2.1462,2.1397,2.1333
31/07/2018,2.1364,2.13,2.1237
30/07/2018,2.139,2.1326,2.1262
27/07/2018,2.1795,2.173,2.1665
26/07/2018,2.2107,2.2041,2.1975
25/07/2018,2.2497,2.2429,2.2362
24/07/2018,2.2276,2.2209,2.2142
23/07/2018,2.2277,2.221,2.2144
20/07/2018,2.2188,2.2122,2.2055
19/07/2018,2.2287,2.222,2.2154
18/07/2018,2.2304,2.2238,2.2171
17/07/2018,2.2249,2.2182,2.2116
16/07/2018,2.2001,2.1935,2.187
13/07/2018,2.208,2.2014,2.1948
12/07/2018,2.2033,2.1967,2.1902
11/07/2018,2.1681,2.1616,2.1551
10/07/2018,2.1562,2.1497,2.1433
9/07/2018,2.153,2.1466,2.1401
6/07/2018,2.152,2.1456,2.1392
5/07/2018,2.1428,2.1364,2.13
4/07/2018,2.1237,2.1173,2.111
3/07/2018,2.1285,2.1221,2.1158
2/07/2018,2.1537,2.1473,2.1408
29/06/2018,2.135,2.1286,2.1222
28/06/2018,2.1394,2.133,2.1266
27/06/2018,2.1137,2.1074,2.101
26/06/2018,2.1341,2.1277,2.1214
25/06/2018,2.1254,2.119,2.1126
22/06/2018,2.1652,2.1587,2.1523
21/06/2018,2.1776,2.1711,2.1646
20/06/2018,2.1859,2.1793,2.1728
19/06/2018,2.1715,2.165,2.1585
18/06/2018,2.163,2.1565,2.1501
15/06/2018,2.1436,2.1372,2.1308
14/06/2018,2.1238,2.1174,2.1111
13/06/2018,2.0986,2.0923,2.086
12/06/2018,2.0943,2.088,2.0818
8/06/2018,2.0831,2.0768,2.0706
7/06/2018,2.0688,2.0626,2.0564
6/06/2018,2.0783,2.0721,2.0659
5/06/2018,2.0807,2.0745,2.0682
4/06/2018,2.0613,2.0552,2.049
1/06/2018,2.0668,2.0606,2.0544
31/05/2018,2.0408,2.0347,2.0286
30/05/2018,2.0396,2.0335,2.0274
29/05/2018,2.0299,2.0239,2.0178
28/05/2018,2.035,2.0289,2.0228
25/05/2018,2.034,2.0279,2.0219
24/05/2018,2.0348,2.0287,2.0227
23/05/2018,2.0359,2.0298,2.0237
22/05/2018,2.0174,2.0113,2.0053
21/05/2018,2.0311,2.025,2.0189
18/05/2018,2.0288,2.0228,2.0167
17/05/2018,2.0296,2.0235,2.0174
16/05/2018,2.0304,2.0243,2.0182
15/05/2018,2.0338,2.0277,2.0216
14/05/2018,2.0326,2.0265,2.0204
11/05/2018,2.0368,2.0307,2.0246
10/05/2018,2.0397,2.0336,2.0275
9/05/2018,2.0323,2.0263,2.0202
8/05/2018,2.0143,2.0083,2.0023
7/05/2018,1.9918,1.9859,1.9799
4/05/2018,1.9793,1.9734,1.9675
3/05/2018,1.9646,1.9588,1.9529
2/05/2018,1.9613,1.9554,1.9496
1/05/2018,1.9682,1.9623,1.9564
30/04/2018,1.941,1.9352,1.9294
27/04/2018,1.9443,1.9385,1.9327
26/04/2018,1.9438,1.9379,1.9321
24/04/2018,1.8926,1.8869,1.8812
23/04/2018,1.9223,1.9166,1.9108
20/04/2018,1.9138,1.9081,1.9024
19/04/2018,1.9076,1.9019,1.8962
18/04/2018,1.9022,1.8965,1.8908
17/04/2018,1.8992,1.8936,1.8879
16/04/2018,1.862,1.8564,1.8508
13/04/2018,1.8498,1.8443,1.8388
12/04/2018,1.8555,1.8499,1.8444
11/04/2018,1.8426,1.8371,1.8316
10/04/2018,1.8511,1.8455,1.84
9/04/2018,1.8378,1.8323,1.8268
6/04/2018,1.8277,1.8222,1.8168
5/04/2018,1.8576,1.8521,1.8465
4/04/2018,1.8353,1.8298,1.8243
3/04/2018,1.8283,1.8228,1.8173
29/03/2018,1.8517,1.8461,1.8406
28/03/2018,1.8272,1.8217,1.8163
27/03/2018,1.8331,1.8276,1.8221
26/03/2018,1.8669,1.8614,1.8558
23/03/2018,1.8259,1.8204,1.815
22/03/2018,1.8668,1.8612,1.8556
21/03/2018,1.9,1.8943,1.8886
20/03/2018,1.9065,1.9008,1.8951
19/03/2018,1.8977,1.892,1.8863
16/03/2018,1.9227,1.917,1.9112
15/03/2018,1.9056,1.8999,1.8942
14/03/2018,1.8918,1.8861,1.8805
13/03/2018,1.8888,1.8832,1.8775
12/03/2018,1.9066,1.9009,1.8952
9/03/2018,1.9089,1.9032,1.8975
8/03/2018,1.8906,1.8849,1.8793
7/03/2018,1.8773,1.8716,1.866
6/03/2018,1.8689,1.8634,1.8578
5/03/2018,1.8752,1.8695,1.8639
2/03/2018,1.8585,1.8529,1.8474
1/03/2018,1.8512,1.8456,1.8401
28/02/2018,1.8659,1.8603,1.8547
27/02/2018,1.8757,1.8701,1.8645
26/02/2018,1.8871,1.8814,1.8758
23/02/2018,1.8769,1.8713,1.8657
22/02/2018,1.8478,1.8423,1.8368
21/02/2018,1.8525,1.847,1.8414
20/02/2018,1.8389,1.8334,1.8279
19/02/2018,1.843,1.8375,1.832
16/02/2018,1.8401,1.8346,1.8291
15/02/2018,1.8443,1.8388,1.8333
14/02/2018,1.8196,1.8142,1.8087
13/02/2018,1.7941,1.7887,1.7833
12/02/2018,1.7937,1.7884,1.783
9/02/2018,1.7769,1.7716,1.7662
8/02/2018,1.7875,1.7523,1.747
7/02/2018,1.7995,1.7941,1.7888
6/02/2018,1.7972,1.7919,1.7865
5/02/2018,1.7815,1.7762,1.7708
2/02/2018,1.8309,1.8254,1.82
1/02/2018,1.8372,1.8317,1.8262
31/01/2018,1.8283,1.8228,1.8174
30/01/2018,1.8244,1.819,1.8135
29/01/2018,1.8298,1.8243,1.8189
25/01/2018,1.8292,1.8237,1.8182
24/01/2018,1.8249,1.8194,1.814
23/01/2018,1.836,1.8305,1.825
22/01/2018,1.8175,1.8121,1.8066
19/01/2018,1.8062,1.8008,1.7954
18/01/2018,1.7993,1.7939,1.7885
17/01/2018,1.7996,1.7942,1.7888
16/01/2018,1.7933,1.788,1.7826
15/01/2018,1.7945,1.7891,1.7837
12/01/2018,1.8057,1.8003,1.7949
11/01/2018,1.8041,1.7988,1.7934
10/01/2018,1.8043,1.7989,1.7935
9/01/2018,1.8141,1.8086,1.8032
8/01/2018,1.8119,1.8065,1.8011
5/01/2018,1.8003,1.795,1.7896
4/01/2018,1.7815,1.7762,1.7709
3/01/2018,1.7739,1.7686,1.7632
2/01/2018,1.7591,1.7539,1.7486
29/12/2017,1.752,1.7467,1.7415
28/12/2017,1.7667,1.7614,1.7561
27/12/2017,1.7677,1.7625,1.7572
22/12/2017,1.7726,1.7673,1.762
21/12/2017,1.7747,1.7693,1.764
20/12/2017,1.7815,1.7761,1.7708
19/12/2017,1.7877,1.7824,1.777
18/12/2017,1.7892,1.7839,1.7785
15/12/2017,1.784,1.7787,1.7733
14/12/2017,1.7641,1.7588,1.7535
13/12/2017,1.7747,1.7694,1.7641
12/12/2017,1.7855,1.7802,1.7748
11/12/2017,1.7909,1.7855,1.7802
8/12/2017,1.7942,1.7888,1.7834
7/12/2017,1.7879,1.7825,1.7772
6/12/2017,1.7657,1.7604,1.7551
5/12/2017,1.7514,1.7461,1.7409
4/12/2017,1.7515,1.7462,1.741
1/12/2017,1.7704,1.7651,1.7598
30/11/2017,1.7787,1.7734,1.7681
29/11/2017,1.766,1.7607,1.7554
28/11/2017,1.7892,1.7839,1.7785
27/11/2017,1.7824,1.7771,1.7718
24/11/2017,1.7774,1.7721,1.7668
23/11/2017,1.7673,1.7621,1.7568
22/11/2017,1.772,1.7667,1.7614
21/11/2017,1.7728,1.7675,1.7622
20/11/2017,1.7644,1.7591,1.7538
17/11/2017,1.7642,1.759,1.7537
16/11/2017,1.7608,1.7556,1.7503
15/11/2017,1.7427,1.7375,1.7323
14/11/2017,1.746,1.7408,1.7355
13/11/2017,1.7411,1.7359,1.7307
10/11/2017,1.7334,1.7282,1.723
9/11/2017,1.7349,1.7297,1.7246
8/11/2017,1.7385,1.7333,1.7281
7/11/2017,1.7438,1.7386,1.7334
6/11/2017,1.7406,1.7354,1.7302
3/11/2017,1.7379,1.7327,1.7275
2/11/2017,1.7141,1.709,1.7038
1/11/2017,1.7293,1.7242,1.719
31/10/2017,1.7276,1.7224,1.7173
30/10/2017,1.7228,1.7177,1.7125
27/10/2017,1.7233,1.7182,1.713
26/10/2017,1.691,1.6859,1.6809
25/10/2017,1.6851,1.68,1.675
24/10/2017,1.676,1.671,1.6659
23/10/2017,1.6641,1.6592,1.6542
20/10/2017,1.6739,1.6689,1.6639
19/10/2017,1.6553,1.6503,1.6454
18/10/2017,1.6658,1.6608,1.6559
17/10/2017,1.6692,1.6642,1.6592
16/10/2017,1.6588,1.6538,1.6489
13/10/2017,1.6568,1.6519,1.6469
12/10/2017,1.662,1.6571,1.6521
11/10/2017,1.6658,1.6608,1.658
10/10/2017,1.6507,1.6457,1.6408
9/10/2017,1.6501,1.6452,1.6402
6/10/2017,1.647,1.6421,1.6371
5/10/2017,1.6356,1.6307,1.6258
4/10/2017,1.6151,1.6102,1.6054
3/10/2017,1.6264,1.6215,1.6166
29/09/2017,1.6172,1.6124,1.6076
28/09/2017,1.6139,1.609,1.6042
27/09/2017,1.6031,1.5983,1.5936
26/09/2017,1.5901,1.5853,1.5806
25/09/2017,1.5834,1.5787,1.574
22/09/2017,1.5949,1.5901,1.5853
21/09/2017,1.5995,1.5947,1.5899
20/09/2017,1.5876,1.5828,1.5781
19/09/2017,1.5923,1.5875,1.5828
18/09/2017,1.5893,1.5845,1.5798
15/09/2017,1.5856,1.5808,1.5761
14/09/2017,1.586,1.5813,1.5765
13/09/2017,1.5862,1.5814,1.5767
12/09/2017,1.5793,1.5746,1.5698
11/09/2017,1.5806,1.5758,1.5711
8/09/2017,1.5587,1.554,1.5494
7/09/2017,1.5671,1.5624,1.5577
6/09/2017,1.5642,1.5595,1.5548
5/09/2017,1.5584,1.5538,1.5491
4/09/2017,1.575,1.5703,1.5656
1/09/2017,1.5725,1.5678,1.563
31/08/2017,1.578,1.5733,1.5686
30/08/2017,1.5712,1.5665,1.5618
29/08/2017,1.5519,1.5473,1.5427
28/08/2017,1.5555,1.5509,1.5462
25/08/2017,1.5552,1.5505,1.5459
24/08/2017,1.5631,1.5584,1.5538
23/08/2017,1.571,1.5663,1.5616
22/08/2017,1.5725,1.5678,1.5631
21/08/2017,1.5553,1.5507,1.546
18/08/2017,1.5602,1.5555,1.5509
17/08/2017,1.5604,1.5557,1.551
16/08/2017,1.5759,1.5711,1.5664
15/08/2017,1.581,1.5762,1.5715
14/08/2017,1.5826,1.5778,1.5731
11/08/2017,1.5633,1.5587,1.554
10/08/2017,1.5652,1.5605,1.5558
9/08/2017,1.5859,1.5812,1.5764
8/08/2017,1.5849,1.5802,1.5755
7/08/2017,1.5892,1.5845,1.5797
4/08/2017,1.5803,1.5755,1.5708
3/08/2017,1.5731,1.5684,1.5637
2/08/2017,1.5729,1.5682,1.5635
1/08/2017,1.5696,1.5649,1.5602
31/07/2017,1.5627,1.558,1.5533
28/07/2017,1.5664,1.5617,1.557
27/07/2017,1.5826,1.5779,1.5732
26/07/2017,1.6095,1.6047,1.5999
25/07/2017,1.5855,1.5807,1.576
24/07/2017,1.5914,1.5866,1.5819
21/07/2017,1.5912,1.5865,1.5817
20/07/2017,1.5831,1.5784,1.5736
19/07/2017,1.5795,1.5748,1.5701
18/07/2017,1.579,1.5743,1.5695
17/07/2017,1.5874,1.5827,1.5779
14/07/2017,1.5873,1.5826,1.5778
13/07/2017,1.5919,1.5871,1.5824
12/07/2017,1.5928,1.588,1.5832
11/07/2017,1.5889,1.5841,1.5794
10/07/2017,1.5872,1.5825,1.5777
7/07/2017,1.5729,1.5682,1.5635
6/07/2017,1.5716,1.5669,1.5622
5/07/2017,1.5791,1.5744,1.5697
4/07/2017,1.5636,1.559,1.5543
3/07/2017,1.5556,1.5509,1.5463
30/06/2017,1.5709,1.5662,1.5615
29/06/2017,1.5793,1.5746,1.5699
28/06/2017,1.6067,1.6019,1.5971
27/06/2017,1.5913,1.5865,1.5817
26/06/2017,1.6095,1.6047,1.5999
23/06/2017,1.6167,1.6119,1.6071
22/06/2017,1.6135,1.6087,1.6039
21/06/2017,1.6142,1.6094,1.6046
20/06/2017,1.6024,1.5976,1.5928
19/06/2017,1.6064,1.6016,1.5968
16/06/2017,1.5908,1.586,1.5812
15/06/2017,1.5938,1.5891,1.5843
14/06/2017,1.5954,1.5907,1.5859
13/06/2017,1.6043,1.5995,1.5947
9/06/2017,1.6068,1.6019,1.5971
8/06/2017,1.6294,1.6245,1.6196
7/06/2017,1.6281,1.6232,1.6184
6/06/2017,1.6289,1.624,1.6191
5/06/2017,1.647,1.6421,1.6372
2/06/2017,1.6537,1.6488,1.6439
1/06/2017,1.6505,1.6456,1.6407
31/05/2017,1.6316,1.6267,1.6219
30/05/2017,1.6275,1.6226,1.6177
29/05/2017,1.6296,1.6247,1.6198
26/05/2017,1.6349,1.63,1.6251
25/05/2017,1.63,1.6252,1.6203
24/05/2017,1.6218,1.6169,1.6121
23/05/2017,1.6002,1.5954,1.5906
22/05/2017,1.5926,1.5915,1.5867
19/05/2017,1.5941,1.5894,1.5846
18/05/2017,1.5897,1.585,1.5802
17/05/2017,1.5815,1.5768,1.572
16/05/2017,1.6082,1.6034,1.5986
15/05/2017,1.605,1.6002,1.5954
12/05/2017,1.606,1.6012,1.5964
11/05/2017,1.6148,1.61,1.6051
10/05/2017,1.6141,1.6093,1.6045
9/05/2017,1.6137,1.6089,1.6041
8/05/2017,1.6057,1.6009,1.5961
5/05/2017,1.6005,1.5958,1.591
4/05/2017,1.6029,1.5981,1.5933
3/05/2017,1.5889,1.5841,1.5794
2/05/2017,1.5752,1.5704,1.5657
1/05/2017,1.5623,1.5576,1.553
28/04/2017,1.5617,1.5571,1.5524
27/04/2017,1.5609,1.5563,1.5516
26/04/2017,1.5408,1.5362,1.5316
24/04/2017,1.5212,1.5166,1.5121
21/04/2017,1.511,1.5065,1.502
20/04/2017,1.5088,1.5043,1.4998
19/04/2017,1.5026,1.4981,1.4936
18/04/2017,1.4962,1.4917,1.4872
13/04/2017,1.4792,1.4747,1.4703
12/04/2017,1.4944,1.49,1.4855
11/04/2017,1.499,1.4945,1.49
10/04/2017,1.4966,1.4922,1.4877
7/04/2017,1.4904,1.486,1.4815
6/04/2017,1.4869,1.4824,1.478
5/04/2017,1.4807,1.4763,1.4719
4/04/2017,1.485,1.4806,1.4761
3/04/2017,1.4754,1.471,1.4666
31/03/2017,1.4688,1.4644,1.46
30/03/2017,1.4624,1.458,1.4537
29/03/2017,1.4636,1.4592,1.4548
28/03/2017,1.4612,1.4568,1.4524
27/03/2017,1.4534,1.449,1.4447
24/03/2017,1.4512,1.4468,1.4425
23/03/2017,1.4439,1.4396,1.4352
22/03/2017,1.4378,1.4335,1.4292
21/03/2017,1.4295,1.4252,1.4209
20/03/2017,1.437,1.4327,1.4284
17/03/2017,1.4461,1.4418,1.4374
16/03/2017,1.4429,1.4386,1.4342
15/03/2017,1.4506,1.4463,1.4419
14/03/2017,1.4474,1.4431,1.4387
13/03/2017,1.4526,1.4482,1.4439
10/03/2017,1.4602,1.4558,1.4515
9/03/2017,1.4595,1.4551,1.4508
8/03/2017,1.451,1.4466,1.4423
7/03/2017,1.4415,1.4372,1.4329
6/03/2017,1.4429,1.4386,1.4343
3/03/2017,1.4526,1.4482,1.4439
2/03/2017,1.4538,1.4494,1.4451
1/03/2017,1.4425,1.4381,1.4338
28/02/2017,1.4281,1.4239,1.4196
27/02/2017,1.4335,1.4292,1.4249
24/02/2017,1.4329,1.4286,1.4243
23/02/2017,1.4285,1.4242,1.42
22/02/2017,1.4292,1.4249,1.4206
21/02/2017,1.4286,1.4244,1.4201
20/02/2017,1.4216,1.4173,1.4131
17/02/2017,1.4248,1.4206,1.4163
16/02/2017,1.4191,1.4148,1.4106
15/02/2017,1.4112,1.407,1.4028
14/02/2017,1.4276,1.4233,1.4191
13/02/2017,1.4189,1.4146,1.4104
10/02/2017,1.4124,1.4082,1.404
9/02/2017,1.4136,1.4093,1.4051
8/02/2017,1.401,1.3968,1.3926
7/02/2017,1.3925,1.3883,1.3841
6/02/2017,1.3865,1.3823,1.3782
3/02/2017,1.3843,1.3801,1.376
2/02/2017,1.3837,1.3796,1.3754
1/02/2017,1.3904,1.3863,1.3821
31/01/2017,1.3913,1.3871,1.3829
30/01/2017,1.4024,1.3982,1.394
27/01/2017,1.4152,1.4109,1.4067
25/01/2017,1.4233,1.419,1.4148
24/01/2017,1.4125,1.4082,1.404
23/01/2017,1.4092,1.405,1.4008
20/01/2017,1.4101,1.4058,1.4016
19/01/2017,1.4086,1.4044,1.4002
18/01/2017,1.4076,1.4034,1.3992
17/01/2017,1.4131,1.4089,1.4046
16/01/2017,1.4297,1.4254,1.4211
13/01/2017,1.4284,1.4241,1.4198
12/01/2017,1.4241,1.4198,1.4155
11/01/2017,1.4373,1.433,1.4287
10/01/2017,1.429,1.4247,1.4204
9/01/2017,1.4366,1.4323,1.428
6/01/2017,1.4331,1.4288,1.4246
5/01/2017,1.4147,1.4105,1.4062
4/01/2017,1.4099,1.4056,1.4014
3/01/2017,1.41,1.4058,1.4016
30/12/2016,1.3951,1.3909,1.3868
29/12/2016,1.4097,1.4055,1.4013
28/12/2016,1.4152,1.411,1.4067
23/12/2016,1.4149,1.4107,1.4064
22/12/2016,1.4104,1.4062,1.402
21/12/2016,1.4108,1.4066,1.4024
20/12/2016,1.4097,1.4055,1.4013
19/12/2016,1.404,1.3998,1.3956
16/12/2016,1.3976,1.3934,1.3892
15/12/2016,1.3921,1.3879,1.3837
14/12/2016,1.3748,1.3707,1.3666
13/12/2016,1.3773,1.3731,1.369
12/12/2016,1.3673,1.3632,1.3591
9/12/2016,1.3839,1.3797,1.3756
8/12/2016,1.3824,1.3782,1.3741
7/12/2016,1.3729,1.3687,1.3646
6/12/2016,1.36,1.3559,1.3518
5/12/2016,1.3577,1.3537,1.3496
2/12/2016,1.3544,1.3503,1.3463
1/12/2016,1.3642,1.3601,1.356
30/11/2016,1.3741,1.37,1.3659
29/11/2016,1.3793,1.3752,1.3711
28/11/2016,1.3765,1.3724,1.3683
25/11/2016,1.3902,1.386,1.3819
24/11/2016,1.3906,1.3864,1.3823
23/11/2016,1.3919,1.3877,1.3836
22/11/2016,1.395,1.3909,1.3867
21/11/2016,1.3911,1.387,1.3828
18/11/2016,1.38,1.3758,1.3717
17/11/2016,1.3606,1.3566,1.3525
16/11/2016,1.348,1.344,1.3399
15/11/2016,1.3397,1.3357,1.3317
14/11/2016,1.3252,1.3212,1.3172
11/11/2016,1.345,1.341,1.337
10/11/2016,1.3473,1.3432,1.3392
9/11/2016,1.3528,1.3487,1.3447
8/11/2016,1.3505,1.3465,1.3425
7/11/2016,1.3387,1.3347,1.3307
4/11/2016,1.3199,1.316,1.3121
3/11/2016,1.3208,1.3168,1.3128
2/11/2016,1.3314,1.3274,1.3234
1/11/2016,1.3474,1.3434,1.3394
31/10/2016,1.3622,1.3581,1.354
28/10/2016,1.3659,1.3618,1.3577
27/10/2016,1.3682,1.3641,1.36
26/10/2016,1.3645,1.3604,1.3563
25/10/2016,1.3762,1.3721,1.368
24/10/2016,1.3851,1.381,1.3769
21/10/2016,1.3819,1.3778,1.3737
20/10/2016,1.3724,1.3683,1.3642
19/10/2016,1.3682,1.3641,1.36
18/10/2016,1.364,1.3599,1.3558
17/10/2016,1.3592,1.3551,1.351
14/10/2016,1.3666,1.3625,1.3584
13/10/2016,1.3749,1.3708,1.3667
12/10/2016,1.3777,1.3736,1.3695
11/10/2016,1.3824,1.3783,1.3742
10/10/2016,1.3825,1.3784,1.3743
7/10/2016,1.3827,1.3786,1.3745
6/10/2016,1.3921,1.3879,1.3837
5/10/2016,1.3874,1.3833,1.3792
4/10/2016,1.3797,1.3756,1.3715
30/09/2016,1.3836,1.3795,1.3754
29/09/2016,1.3762,1.3721,1.368
28/09/2016,1.3853,1.3812,1.3771
27/09/2016,1.3784,1.3743,1.3702
26/09/2016,1.3764,1.3723,1.3682
23/09/2016,1.3843,1.3802,1.3761
22/09/2016,1.3863,1.3822,1.3781
21/09/2016,1.3838,1.3797,1.3756
20/09/2016,1.3772,1.3731,1.369
19/09/2016,1.3749,1.3708,1.3667
16/09/2016,1.3876,1.3834,1.3792
15/09/2016,1.3824,1.3783,1.3742
14/09/2016,1.3759,1.3718,1.3677
13/09/2016,1.3788,1.3747,1.3706
12/09/2016,1.381,1.3769,1.3728
9/09/2016,1.3698,1.3657,1.3616
8/09/2016,1.3782,1.3741,1.37
7/09/2016,1.3879,1.3837,1.3795
6/09/2016,1.3847,1.3806,1.3765
5/09/2016,1.3888,1.3846,1.3804
2/09/2016,1.3906,1.3864,1.3822
1/09/2016,1.3903,1.3861,1.3819
31/08/2016,1.3945,1.3903,1.3861
30/08/2016,1.3979,1.3937,1.3895
29/08/2016,1.3893,1.3851,1.3809
26/08/2016,1.3779,1.3738,1.3697
25/08/2016,1.3843,1.3802,1.3761
24/08/2016,1.3856,1.3815,1.3774
23/08/2016,1.3864,1.3823,1.3782
22/08/2016,1.3832,1.3791,1.375
19/08/2016,1.3847,1.3806,1.3765
18/08/2016,1.3808,1.3767,1.3726
17/08/2016,1.388,1.3838,1.3796
16/08/2016,1.3749,1.3708,1.3667
15/08/2016,1.3817,1.3776,1.3735
12/08/2016,1.3808,1.3767,1.3726
11/08/2016,1.3715,1.3674,1.3633
10/08/2016,1.3634,1.3593,1.3552
9/08/2016,1.3719,1.3678,1.3637
8/08/2016,1.3756,1.3715,1.3674
5/08/2016,1.3837,1.3796,1.3755
4/08/2016,1.3751,1.371,1.3669
3/08/2016,1.3823,1.3782,1.3741
2/08/2016,1.3835,1.3794,1.3753
1/08/2016,1.4048,1.4006,1.3964
29/07/2016,1.4022,1.398,1.3938
28/07/2016,1.4047,1.4005,1.3963
27/07/2016,1.4022,1.398,1.3938
26/07/2016,1.392,1.3878,1.3836
25/07/2016,1.4031,1.3989,1.3947
22/07/2016,1.4008,1.3966,1.3924
21/07/2016,1.3911,1.3869,1.3827
20/07/2016,1.3934,1.3892,1.385
19/07/2016,1.3767,1.3726,1.3685
18/07/2016,1.3616,1.3575,1.3534
15/07/2016,1.3501,1.3461,1.3421
14/07/2016,1.3486,1.3446,1.3406
13/07/2016,1.3404,1.3364,1.3324
12/07/2016,1.3454,1.3414,1.3374
11/07/2016,1.3471,1.3431,1.3391
8/07/2016,1.3339,1.3299,1.3259
7/07/2016,1.3258,1.3218,1.3178
6/07/2016,1.3155,1.3116,1.3077
5/07/2016,1.3188,1.3149,1.311
4/07/2016,1.317,1.3131,1.3092
1/07/2016,1.3244,1.3204,1.3164
30/06/2016,1.3239,1.3199,1.3159
29/06/2016,1.3172,1.3133,1.3094
28/06/2016,1.3044,1.3005,1.2966
27/06/2016,1.2886,1.2847,1.2808
24/06/2016,1.2954,1.2915,1.2876
23/06/2016,1.338,1.334,1.33
22/06/2016,1.3404,1.3364,1.3324
21/06/2016,1.3419,1.3379,1.3339
20/06/2016,1.3351,1.3311,1.3271
17/06/2016,1.3295,1.3255,1.3215
16/06/2016,1.3433,1.3393,1.3353
15/06/2016,1.3314,1.3274,1.3234
14/06/2016,1.3401,1.3361,1.3321
10/06/2016,1.3503,1.3463,1.3423
9/06/2016,1.3612,1.3571,1.353
8/06/2016,1.3561,1.352,1.3479
7/06/2016,1.3518,1.3478,1.3438
6/06/2016,1.3631,1.359,1.3549
3/06/2016,1.3637,1.3596,1.3555
2/06/2016,1.3764,1.3723,1.3682
1/06/2016,1.3739,1.3698,1.3657
31/05/2016,1.3783,1.3742,1.3701
30/05/2016,1.3872,1.3831,1.379
27/05/2016,1.384,1.3799,1.3758
26/05/2016,1.3767,1.3726,1.3685
25/05/2016,1.3777,1.3736,1.3695
24/05/2016,1.3712,1.3671,1.363
23/05/2016,1.3565,1.3524,1.3483
20/05/2016,1.3586,1.3545,1.3504
19/05/2016,1.3507,1.3467,1.3427
18/05/2016,1.347,1.343,1.339
17/05/2016,1.3428,1.3388,1.3348
16/05/2016,1.3547,1.3506,1.3465
13/05/2016,1.3548,1.3507,1.3466
12/05/2016,1.3495,1.3455,1.3415
11/05/2016,1.345,1.341,1.337
10/05/2016,1.3513,1.3473,1.3433
9/05/2016,1.346,1.342,1.338
6/05/2016,1.331,1.327,1.323
5/05/2016,1.3105,1.3066,1.3027
4/05/2016,1.315,1.3111,1.3072
3/05/2016,1.3127,1.3088,1.3049
2/05/2016,1.2971,1.2932,1.2893
29/04/2016,1.2813,1.2775,1.2737
28/04/2016,1.276,1.2722,1.2684
27/04/2016,1.2793,1.2755,1.2717
26/04/2016,1.2628,1.259,1.2552
22/04/2016,1.2658,1.262,1.2582
21/04/2016,1.2863,1.2825,1.2787
20/04/2016,1.2801,1.2763,1.2725
19/04/2016,1.2779,1.2741,1.2703
18/04/2016,1.2843,1.2805,1.2767
15/04/2016,1.2811,1.2773,1.2735
14/04/2016,1.277,1.2732,1.2694
13/04/2016,1.2852,1.2814,1.2776
12/04/2016,1.2727,1.2689,1.2651
11/04/2016,1.2706,1.2668,1.263
8/04/2016,1.281,1.2772,1.2734
7/04/2016,1.2917,1.2878,1.2839
6/04/2016,1.2973,1.2934,1.2895
5/04/2016,1.286,1.2822,1.2784
4/04/2016,1.2886,1.2847,1.2808
1/04/2016,1.2949,1.291,1.2871
31/03/2016,1.2862,1.2824,1.2786
30/03/2016,1.2845,1.2807,1.2769
29/03/2016,1.2901,1.2862,1.2823
24/03/2016,1.2826,1.2788,1.275
23/03/2016,1.2827,1.2789,1.2751
22/03/2016,1.2723,1.2685,1.2647
21/03/2016,1.2748,1.271,1.2672
18/03/2016,1.27,1.2662,1.2624
17/03/2016,1.267,1.2632,1.2594
16/03/2016,1.2895,1.2856,1.2817
15/03/2016,1.2816,1.2778,1.274
14/03/2016,1.2832,1.2794,1.2756
11/03/2016,1.2703,1.2665,1.2627
10/03/2016,1.2685,1.2647,1.2609
9/03/2016,1.2629,1.2591,1.2553
8/03/2016,1.2617,1.2579,1.2541
7/03/2016,1.2653,1.2615,1.2577
4/03/2016,1.2823,1.2785,1.2747
3/03/2016,1.2912,1.2873,1.2834
2/03/2016,1.309,1.3051,1.3012
1/03/2016,1.3249,1.3209,1.3169
29/02/2016,1.2964,1.2925,1.2886
26/02/2016,1.292,1.2881,1.2842
25/02/2016,1.2873,1.2834,1.2795
24/02/2016,1.2691,1.2653,1.2615
23/02/2016,1.2669,1.2631,1.2593
22/02/2016,1.2751,1.2713,1.2675
19/02/2016,1.2776,1.2738,1.27
18/02/2016,1.2684,1.2646,1.2608
17/02/2016,1.2693,1.2655,1.2617
16/02/2016,1.2528,1.2491,1.2454
15/02/2016,1.2293,1.2256,1.2219
12/02/2016,1.2293,1.2256,1.2219
11/02/2016,1.2234,1.2197,1.216
10/02/2016,1.2167,1.2131,1.2095
9/02/2016,1.2122,1.2086,1.205
8/02/2016,1.2237,1.22,1.2163
5/02/2016,1.2449,1.2412,1.2375
4/02/2016,1.272,1.2682,1.2644
3/02/2016,1.2992,1.2953,1.2914
2/02/2016,1.3231,1.3191,1.3151
1/02/2016,1.3357,1.3317,1.3277
29/01/2016,1.3285,1.3245,1.3205
28/01/2016,1.307,1.3031,1.2992
27/01/2016,1.2891,1.2852,1.2813
25/01/2016,1.3107,1.3068,1.3029
22/01/2016,1.3073,1.3034,1.2995
21/01/2016,1.2894,1.2855,1.2816
20/01/2016,1.2975,1.2936,1.2897
19/01/2016,1.3004,1.2965,1.2926
18/01/2016,1.3009,1.297,1.2931
15/01/2016,1.306,1.3021,1.2982
14/01/2016,1.3178,1.3139,1.31
13/01/2016,1.3149,1.311,1.3071
12/01/2016,1.3403,1.3363,1.3323
11/01/2016,1.327,1.323,1.319
8/01/2016,1.3262,1.3222,1.3182
7/01/2016,1.3289,1.3249,1.3209
6/01/2016,1.3515,1.3475,1.3435
5/01/2016,1.3533,1.3493,1.3453
4/01/2016,1.3564,1.3523,1.3482
31/12/2015,1.3696,1.3655,1.3614
30/12/2015,1.3791,1.375,1.3709
29/12/2015,1.3844,1.3803,1.3762
24/12/2015,1.3648,1.3607,1.3566
23/12/2015,1.3713,1.3672,1.3631
22/12/2015,1.3628,1.3587,1.3546
21/12/2015,1.3601,1.356,1.3519
18/12/2015,1.3583,1.3542,1.3501
17/12/2015,1.3869,1.3828,1.3787
16/12/2015,1.3788,1.3747,1.3706
15/12/2015,1.3621,1.358,1.3539
14/12/2015,1.3426,1.3386,1.3346
11/12/2015,1.3455,1.3415,1.3375
10/12/2015,1.3555,1.3514,1.3473
9/12/2015,1.3677,1.3636,1.3595
8/12/2015,1.3807,1.3766,1.3725
7/12/2015,1.379,1.3749,1.3708
4/12/2015,1.3682,1.3641,1.36
3/12/2015,1.3667,1.3626,1.3585
2/12/2015,1.372,1.3679,1.3638
1/12/2015,1.3809,1.3768,1.3727
30/11/2015,1.3717,1.3676,1.3635
27/11/2015,1.3857,1.3816,1.3775
26/11/2015,1.3846,1.3805,1.3764
25/11/2015,1.3783,1.3742,1.3701
24/11/2015,1.3761,1.372,1.3679
23/11/2015,1.3937,1.3895,1.3853
20/11/2015,1.3858,1.3817,1.3776
19/11/2015,1.3862,1.3821,1.378
18/11/2015,1.3971,1.3929,1.3887
17/11/2015,1.3754,1.3713,1.3672
16/11/2015,1.3716,1.3675,1.3634
13/11/2015,1.3616,1.3575,1.3534
12/11/2015,1.382,1.3779,1.3738
11/11/2015,1.4015,1.3793,1.3931
10/11/2015,1.4007,1.3965,1.3923
9/11/2015,1.391,1.3868,1.3826
6/11/2015,1.4045,1.4003,1.3961
5/11/2015,1.3935,1.3893,1.3851
4/11/2015,1.3895,1.3853,1.3811
3/11/2015,1.385,1.3809,1.3768
2/11/2015,1.383,1.3789,1.3748
30/10/2015,1.3807,1.3766,1.3725
29/10/2015,1.3893,1.3851,1.3809
28/10/2015,1.3791,1.375,1.3709
27/10/2015,1.3522,1.3482,1.3442
26/10/2015,1.3501,1.3461,1.3421
23/10/2015,1.3512,1.3472,1.3432
22/10/2015,1.3304,1.3264,1.3224
21/10/2015,1.3183,1.3144,1.3105
20/10/2015,1.319,1.3151,1.3112
19/10/2015,1.3273,1.3233,1.3193
16/10/2015,1.3186,1.3147,1.3108
15/10/2015,1.3068,1.3029,1.299
14/10/2015,1.3007,1.2968,1.2929
13/10/2015,1.2854,1.2816,1.2778
12/10/2015,1.2862,1.2824,1.2786
9/10/2015,1.289,1.2851,1.2812
8/10/2015,1.3007,1.2968,1.2929
7/10/2015,1.2924,1.2885,1.2846
6/10/2015,1.3064,1.3025,1.2986
2/10/2015,1.2992,1.2953,1.2914
1/10/2015,1.282,1.2782,1.2744
30/09/2015,1.2791,1.2753,1.2715
29/09/2015,1.2569,1.2531,1.2493
28/09/2015,1.2699,1.2661,1.2623
25/09/2015,1.2941,1.2902,1.2863
24/09/2015,1.2964,1.2925,1.2886
23/09/2015,1.2958,1.2919,1.288
22/09/2015,1.2898,1.2859,1.282
21/09/2015,1.2944,1.2905,1.2866
18/09/2015,1.2802,1.2764,1.2726
17/09/2015,1.3026,1.2987,1.2948
16/09/2015,1.2934,1.2895,1.2856
15/09/2015,1.2929,1.289,1.2851
14/09/2015,1.2746,1.2708,1.267
11/09/2015,1.2924,1.2885,1.2846
10/09/2015,1.2871,1.2833,1.2795
9/09/2015,1.2928,1.2889,1.285
8/09/2015,1.2984,1.2945,1.2906
7/09/2015,1.2879,1.284,1.2801
4/09/2015,1.2841,1.2803,1.2765
3/09/2015,1.2878,1.2839,1.28
2/09/2015,1.288,1.2841,1.2802
1/09/2015,1.2673,1.2635,1.2597
31/08/2015,1.2895,1.2856,1.2817
28/08/2015,1.2913,1.2874,1.2835
27/08/2015,1.2916,1.2877,1.2838
26/08/2015,1.2706,1.2668,1.263
25/08/2015,1.2273,1.2236,1.2199
24/08/2015,1.2189,1.2153,1.2117
21/08/2015,1.2449,1.2412,1.2375
20/08/2015,1.2852,1.2814,1.2776
19/08/2015,1.3132,1.3093,1.3054
18/08/2015,1.3217,1.3177,1.3137
17/08/2015,1.3195,1.3156,1.3117
14/08/2015,1.3152,1.3113,1.3074
13/08/2015,1.3132,1.3093,1.3054
12/08/2015,1.3107,1.3068,1.3029
11/08/2015,1.3322,1.3282,1.3242
10/08/2015,1.329,1.325,1.321
7/08/2015,1.3224,1.3184,1.3144
6/08/2015,1.3364,1.3324,1.3284
5/08/2015,1.3526,1.3486,1.3446
4/08/2015,1.3425,1.3385,1.3345
3/08/2015,1.3636,1.3595,1.3554
31/07/2015,1.3527,1.3487,1.3447
30/07/2015,1.3548,1.3507,1.3466
29/07/2015,1.3476,1.3436,1.3396
28/07/2015,1.3346,1.3306,1.3266
27/07/2015,1.3279,1.3239,1.3199
24/07/2015,1.3431,1.3391,1.3351
23/07/2015,1.34,1.336,1.332
22/07/2015,1.3422,1.3382,1.3342
21/07/2015,1.335,1.331,1.327
20/07/2015,1.3485,1.3445,1.3405
17/07/2015,1.3374,1.3334,1.3294
16/07/2015,1.3169,1.313,1.3091
15/07/2015,1.3078,1.3039,1.3
14/07/2015,1.3013,1.2974,1.2935
13/07/2015,1.3076,1.3037,1.2998
10/07/2015,1.2853,1.2815,1.2777
9/07/2015,1.2591,1.2553,1.2515
8/07/2015,1.2473,1.2436,1.2399
7/07/2015,1.264,1.2602,1.2564
6/07/2015,1.2515,1.2478,1.2441
3/07/2015,1.2611,1.2573,1.2535
2/07/2015,1.2442,1.2405,1.2368
1/07/2015,1.2388,1.2351,1.2314
30/06/2015,1.277,1.2732,1.2694
29/06/2015,1.2831,1.2793,1.2755
26/06/2015,1.3156,1.3117,1.3078
25/06/2015,1.3022,1.2983,1.2944
24/06/2015,1.3116,1.3077,1.3038
23/06/2015,1.3142,1.3103,1.3064
22/06/2015,1.3082,1.3043,1.3004
19/06/2015,1.2989,1.295,1.2911
18/06/2015,1.2901,1.2862,1.2823
17/06/2015,1.3006,1.2967,1.2928
16/06/2015,1.278,1.2742,1.2704
15/06/2015,1.2714,1.2676,1.2638
12/06/2015,1.2857,1.2819,1.2781
11/06/2015,1.295,1.2911,1.2872
10/06/2015,1.2893,1.2854,1.2815
9/06/2015,1.2796,1.2758,1.272
5/06/2015,1.2992,1.2953,1.2914
4/06/2015,1.3013,1.2974,1.2935
3/06/2015,1.2911,1.2872,1.2833
2/06/2015,1.2943,1.2904,1.2865
1/06/2015,1.3114,1.3075,1.3036
29/05/2015,1.3013,1.2974,1.2935
28/05/2015,1.3111,1.3072,1.3033
27/05/2015,1.3008,1.2969,1.293
26/05/2015,1.2824,1.2786,1.2748
25/05/2015,1.285,1.2812,1.2774
22/05/2015,1.2857,1.2819,1.2781
21/05/2015,1.2809,1.2771,1.2733
20/05/2015,1.2787,1.2749,1.2711
19/05/2015,1.2754,1.2716,1.2678
18/05/2015,1.2614,1.2576,1.2538
15/05/2015,1.2529,1.2492,1.2455
14/05/2015,1.2414,1.2377,1.234
13/05/2015,1.2291,1.2254,1.2217
12/05/2015,1.2394,1.2357,1.232
11/05/2015,1.2522,1.2485,1.2448
8/05/2015,1.2608,1.257,1.2532
7/05/2015,1.2381,1.2344,1.2307
6/05/2015,1.2246,1.2209,1.2172
5/05/2015,1.2398,1.2361,1.2324
4/05/2015,1.2652,1.2614,1.2576
1/05/2015,1.2651,1.2613,1.2575
30/04/2015,1.2482,1.2445,1.2408
29/04/2015,1.2336,1.2299,1.2262
28/04/2015,1.244,1.2403,1.2366
27/04/2015,1.2677,1.2639,1.2601
24/04/2015,1.2754,1.2716,1.2678
23/04/2015,1.2757,1.2719,1.2681
22/04/2015,1.271,1.2672,1.2634
21/04/2015,1.2645,1.2607,1.2569
20/04/2015,1.2566,1.2528,1.249
17/04/2015,1.2435,1.2398,1.2361
16/04/2015,1.2617,1.2579,1.2541
15/04/2015,1.2871,1.2833,1.2795
14/04/2015,1.2851,1.2813,1.2775
13/04/2015,1.298,1.2941,1.2902
10/04/2015,1.282,1.2782,1.2744
9/04/2015,1.2747,1.2709,1.2671
8/04/2015,1.2737,1.2661,1.2699
7/04/2015,1.2696,1.2658,1.262
2/04/2015,1.2742,1.2704,1.2666
1/04/2015,1.2595,1.2557,1.2519
31/03/2015,1.2599,1.2561,1.2523
30/03/2015,1.2668,1.263,1.2592
27/03/2015,1.2421,1.2384,1.2347
26/03/2015,1.2302,1.2265,1.2228
25/03/2015,1.2365,1.2328,1.2291
24/03/2015,1.2517,1.248,1.2443
23/03/2015,1.254,1.2502,1.2464
20/03/2015,1.2655,1.2617,1.2579
19/03/2015,1.2767,1.2729,1.2691
18/03/2015,1.2678,1.264,1.2602
17/03/2015,1.2645,1.2607,1.2569
16/03/2015,1.2637,1.2599,1.2561
13/03/2015,1.2509,1.2472,1.2435
12/03/2015,1.2485,1.2448,1.2411
11/03/2015,1.2519,1.2482,1.2445
10/03/2015,1.2485,1.2448,1.2411
9/03/2015,1.2589,1.2551,1.2513
6/03/2015,1.2584,1.2546,1.2508
5/03/2015,1.2654,1.2616,1.2578
4/03/2015,1.2501,1.2464,1.2427
3/03/2015,1.2538,1.25,1.2463
2/03/2015,1.2675,1.2637,1.2599
27/02/2015,1.2498,1.2461,1.2424
26/02/2015,1.2437,1.24,1.2363
25/02/2015,1.2358,1.2321,1.2284
24/02/2015,1.2389,1.2352,1.2315
23/02/2015,1.2388,1.2351,1.2314
20/02/2015,1.2321,1.2284,1.2247
19/02/2015,1.2336,1.2299,1.2262
18/02/2015,1.2191,1.2155,1.2119
17/02/2015,1.2126,1.209,1.2054
16/02/2015,1.2166,1.213,1.2094
13/02/2015,1.2173,1.2137,1.2101
12/02/2015,1.218,1.2144,1.2108
11/02/2015,1.1909,1.1873,1.1837
10/02/2015,1.1826,1.1791,1.1756
9/02/2015,1.1601,1.1566,1.1531
6/02/2015,1.1659,1.1624,1.1589
5/02/2015,1.1733,1.1698,1.1663
4/02/2015,1.1749,1.1714,1.1679
3/02/2015,1.1753,1.1718,1.1683
2/02/2015,1.1384,1.135,1.1316
30/01/2015,1.1382,1.1348,1.1314
29/01/2015,1.1426,1.1392,1.1358
28/01/2015,1.1139,1.1106,1.1073
27/01/2015,1.1274,1.124,1.1206
23/01/2015,1.1358,1.1324,1.129
22/01/2015,1.1031,1.0998,1.0965
21/01/2015,1.0839,1.0807,1.0775
20/01/2015,1.0733,1.0701,1.0669
19/01/2015,1.0651,1.0619,1.0587
16/01/2015,1.0608,1.0576,1.0544
15/01/2015,1.0509,1.0478,1.0447
14/01/2015,1.0756,1.0724,1.0692
13/01/2015,1.0865,1.0833,1.0801
12/01/2015,1.0844,1.0812,1.078
9/01/2015,1.0916,1.0883,1.085
8/01/2015,1.1125,1.1092,1.1059
7/01/2015,1.1037,1.1004,1.0971
6/01/2015,1.0877,1.0844,1.0811
5/01/2015,1.1064,1.1031,1.0998
2/01/2015,1.13,1.1266,1.1232
31/12/2014,1.1248,1.1214,1.118
30/12/2014,1.1301,1.1267,1.1233
29/12/2014,1.1407,1.1373,1.1339
24/12/2014,1.1466,1.1432,1.1398
23/12/2014,1.1468,1.1434,1.14
22/12/2014,1.1385,1.1351,1.1317
19/12/2014,1.1285,1.1251,1.1217
18/12/2014,1.123,1.1196,1.1162
17/12/2014,1.105,1.1017,1.0984
16/12/2014,1.0791,1.0759,1.0727
15/12/2014,1.0895,1.0862,1.0829
12/12/2014,1.0964,1.0931,1.0898
11/12/2014,1.1103,1.107,1.1037
10/12/2014,1.0983,1.095,1.0917
9/12/2014,1.1082,1.1049,1.1016
8/12/2014,1.1146,1.1113,1.108
5/12/2014,1.1173,1.114,1.1107
4/12/2014,1.1077,1.1044,1.1011
3/12/2014,1.0968,1.0935,1.0902
2/12/2014,1.0945,1.0912,1.0879
1/12/2014,1.0883,1.085,1.0817
28/11/2014,1.0907,1.0874,1.0841
27/11/2014,1.0814,1.0782,1.075
26/11/2014,1.0828,1.0796,1.0764
25/11/2014,1.0798,1.0766,1.0734
24/11/2014,1.0661,1.0629,1.0597
21/11/2014,1.0508,1.0477,1.0446
20/11/2014,1.0523,1.0492,1.0461
19/11/2014,1.0441,1.041,1.0379
18/11/2014,1.0309,1.0278,1.0247
17/11/2014,1.0263,1.0232,1.0201
14/11/2014,1.0297,1.0266,1.0235
13/11/2014,1.0274,1.0243,1.0212
12/11/2014,1.0244,1.0213,1.0182
11/11/2014,1.0313,1.0282,1.0251
10/11/2014,1.0306,1.0275,1.0244
7/11/2014,1.0298,1.0267,1.0236
6/11/2014,1.0298,1.0267,1.0236
5/11/2014,1.027,1.0239,1.0208
4/11/2014,1.0119,1.0089,1.0059
3/11/2014,1.024,1.0209,1.0178
31/10/2014,1.0186,1.0156,1.0126
30/10/2014,1.0034,1.0004,0.9974
29/10/2014,0.9852,0.9823,0.9794
28/10/2014,0.9969,0.9939,0.9909
27/10/2014,0.9932,0.9902,0.9872
24/10/2014,0.9931,0.9901,0.9871
23/10/2014,0.9938,0.9908,0.9878
22/10/2014,0.9795,0.9766,0.9737
21/10/2014,0.9845,0.9816,0.9787
20/10/2014,0.9669,0.964,0.9611
17/10/2014,0.9607,0.9578,0.9549
16/10/2014,0.9496,0.9468,0.944
15/10/2014,0.9479,0.9451,0.9423
14/10/2014,0.9576,0.9547,0.9518
13/10/2014,0.9558,0.9529,0.95
10/10/2014,0.9715,0.9686,0.9657
9/10/2014,0.9793,0.9764,0.9735
8/10/2014,1.0017,0.9987,0.9957
7/10/2014,0.9852,0.9823,0.9794
3/10/2014,1.0132,1.0102,1.0072
2/10/2014,0.9976,0.9946,0.9916
1/10/2014,1.0083,1.0053,1.0023
30/09/2014,1.0194,1.0164,1.0134
29/09/2014,1.0187,1.0157,1.0127
26/09/2014,1.019,1.016,1.013
25/09/2014,1.01,1.007,1.004
24/09/2014,1.0211,1.018,1.0149
23/09/2014,1.0173,1.0143,1.0113
22/09/2014,1.0205,1.0174,1.0143
19/09/2014,1.0257,1.0226,1.0195
18/09/2014,1.0201,1.017,1.0139
17/09/2014,1.0059,1.0029,0.9999
16/09/2014,1.0097,1.0067,1.0037
15/09/2014,1.0037,1.0007,0.9977
12/09/2014,1.0093,1.0063,1.0033
11/09/2014,1.0041,1.0011,0.9981
10/09/2014,1.0024,0.9994,0.9964
9/09/2014,0.9977,0.9947,0.9917
8/09/2014,0.9992,0.9962,0.9932
5/09/2014,0.9936,0.9906,0.9876
4/09/2014,0.9943,0.9913,0.9883
3/09/2014,0.9996,0.9966,0.9936
2/09/2014,1.009,1.006,1.003
1/09/2014,1.0007,0.9977,0.9947
29/08/2014,0.9993,0.9963,0.9933
28/08/2014,0.9987,0.9957,0.9927
27/08/2014,1.0055,1.0025,0.9995
26/08/2014,1.0099,1.0069,1.0039
25/08/2014,1.0081,1.0051,1.0021
22/08/2014,1.0055,1.0025,0.9995
21/08/2014,1.0059,1.0029,0.9999
20/08/2014,1.0043,1.0013,0.9983
19/08/2014,1.0049,1.0019,0.9989
18/08/2014,0.9999,0.9969,0.9939
15/08/2014,0.994,0.991,0.988
14/08/2014,0.9947,0.9917,0.9887
13/08/2014,0.9931,0.9901,0.9871
12/08/2014,0.9934,0.9904,0.9874
11/08/2014,0.9964,0.9934,0.9904
8/08/2014,0.9903,0.9873,0.9843
7/08/2014,0.9861,0.9832,0.9803
6/08/2014,0.9835,0.9806,0.9777
5/08/2014,0.9831,0.9802,0.9773
4/08/2014,0.9851,0.9822,0.9793
1/08/2014,0.9826,0.9797,0.9768
31/07/2014,0.9873,0.9843,0.9813
30/07/2014,0.9987,0.9957,0.9927
29/07/2014,0.9924,0.9894,0.9864
28/07/2014,0.9923,0.9893,0.9863
25/07/2014,0.9899,0.9869,0.9839
24/07/2014,1.0023,0.9993,0.9963
23/07/2014,0.997,0.994,0.991
22/07/2014,0.9981,0.9951,0.9921
21/07/2014,0.9973,0.9943,0.9913
18/07/2014,0.9997,0.9967,0.9937
17/07/2014,0.9912,0.9882,0.9852
16/07/2014,1.0031,1.0001,0.9971
15/07/2014,1.0016,0.9986,0.9956
14/07/2014,1.0022,0.9992,0.9962
11/07/2014,0.9965,0.9935,0.9905
10/07/2014,0.992,0.989,0.986
9/07/2014,0.995,0.992,0.989
8/07/2014,0.9878,0.9848,0.9818
7/07/2014,1.0044,1.0014,0.9984
4/07/2014,1.0124,1.0094,1.0064
3/07/2014,1.0121,1.0091,1.0061
2/07/2014,0.9991,0.9961,0.9931
1/07/2014,0.9957,0.9927,0.9897
30/06/2014,0.9915,0.9885,0.9855
27/06/2014,0.9914,0.9884,0.9854
26/06/2014,0.9898,0.9868,0.9838
25/06/2014,0.9909,0.9879,0.9849
24/06/2014,0.9849,0.982,0.9791
23/06/2014,0.9823,0.9794,0.9765
20/06/2014,0.9838,0.9809,0.978
19/06/2014,0.9856,0.9827,0.9798
18/06/2014,0.9906,0.9876,0.9846
17/06/2014,0.9857,0.9828,0.9799
16/06/2014,0.9794,0.9765,0.9736
13/06/2014,0.9808,0.9779,0.975
12/06/2014,0.9796,0.9767,0.9738
11/06/2014,0.9898,0.9868,0.9838
10/06/2014,0.9909,0.9879,0.9849
6/06/2014,0.9955,0.9925,0.9895
5/06/2014,1.0006,0.9976,0.9946
4/06/2014,1.0018,0.9988,0.9958
3/06/2014,1.0031,1.0001,0.9971
2/06/2014,1.0065,1.0035,1.0005
30/05/2014,1.0027,0.9997,0.9967
29/05/2014,1.0047,1.0017,0.9987
28/05/2014,1.0026,0.9996,0.9966
27/05/2014,1.006,1.003,1
26/05/2014,1.005,1.002,0.999
23/05/2014,1.0045,1.0015,0.9985
22/05/2014,1.003,1,0.997
21/05/2014,1,1,1
